sttn,nearest,dist1,nearest2,dist2
PADK,PAAK,170.7713886,PASY,634.820226
PAKH,PADQ,135.6682719,PAPN,215.9096028
PAUT,PADU,67.25126043,PAKF,161.814779
PAFM,PAGH,38.6986429,PASK,108.8897523
PAKP,PAGB,100.2735496,PABT,135.9285252
PANC,PALH,1.429295486,PAMR,9.232276543
PALH,PANC,1.429295486,PAMR,7.804371866
PAMR,PAED,4.615586244,PALH,7.804371866
PAGN,PASI,69.18498953,PAFE,71.503855
PANI,PALG,42.55881449,PAHC,68.54847972
PANT,PAMM,10.45500275,PAKT,36.5412764
PANV,PAHX,32.15617722,PAHC,55.28868632
PARC,PALR,139.5431683,PAGB,165.8278669
PAAK,PADK,170.7713886,PADU,544.5802817
PATQ,PABR,94.21268817,PAWI,96.61815116
PABA,PAAD,102.313534,PASC,184.3144817
PABE,PANA,12.56147417,PFKW,21.41515304
PABT,PAPR,40.22677419,PAKP,135.9285252
PABV,PAWS,17.34612927,PAFR,18.4170234
PFKT,PATE,11.70534086,PAPC,20.20083782
PAFR,PAED,8.410713642,PAMR,11.79033481
PABL,PADE,73.70925021,PASK,86.21636306
PATW,PAIN,38.02727747,PAHV,52.82132452
PALU,PAPO,64.84812003,PAVL,141.6974866
PAEH,PAPM,42.92786206,PATG,105.9443694
PACZ,PACM,25.62151159,PAHP,29.07514044
PACE,PACR,42.92829685,PFYU,112.9201303
PALR,PAGB,116.2685847,PAPR,120.7922233
PAVA,PAHP,29.02749884,PACM,33.88332202
PAJC,PAPH,73.61829481,PAPN,149.2212222
PACR,PACE,42.92829685,PFYU,98.05398163
PFCL,PADL,23.50276458,PAMB,34.60702104
PACD,PAVC,30.81913509,PAKF,59.13480588
PACV,PAVD,82.70991589,PAMD,124.6978495
PASC,PAKU,45.15666268,PAAD,82.31457948
PADE,PABL,73.70925021,PAOT,90.93677079
PABI,PAEI,99.93980075,PAXK,108.4031512
PADL,PFCL,23.50276458,PAMB,31.77909967
PADU,PAUT,67.25126043,PAKF,228.7906266
PAEG,PACR,179.2331646,PACE,191.3042832
PASY,PADK,634.820226,PAAK,792.2532345
PAII,PFWS,61.54600041,PAPN,68.16390343
PAEI,PAFB,30.89680432,PAFA,39.44497967
PAEL,PAGS,45.3010421,PAOH,56.07375114
PFEL,PAGL,35.7974044,PAWM,54.94342975
PAED,PAMR,4.615586244,PAFR,8.410713642
PAEM,PAMO,87.35239488,PASM,101.2671258
PAFA,PAFB,11.71425269,PAEI,39.44497967
PAKF,PACD,59.13480588,PAVC,78.88097782
PAFK,PAFS,64.80724537,PAMC,110.7966117
PAFB,PAFA,11.71425269,PAEI,30.89680432
PFYU,PACR,98.05398163,PACE,112.9201303
PAGB,PAKP,100.2735496,PALR,116.2685847
PAGA,PARY,69.63567529,PAKV,97.94288753
PAGM,PASA,61.68453136,PAIW,269.1372963
PAGL,PAWM,24.74425742,PFEL,35.7974044
PAGK,PAXK,96.73260844,PASP,113.6543809
PAGS,PAOH,40.51597411,PAEL,45.3010421
PAHN,PAGY,26.78567361,PAGS,91.62020005
PAHV,PAIN,15.12587925,PATW,52.82132452
PAHC,PANV,55.28868632,PAHX,57.03515204
PAHO,PASO,25.96512238,PASX,95.37465445
PAOH,PAGS,40.51597411,PAEL,56.07375114
PAHP,PAVA,29.02749884,PACZ,29.07514044
PAHL,PAGA,110.3681743,PARY,115.4836096
PAHY,PAKW,44.32404814,PAKT,72.47711336
PAIG,PAIL,73.55827888,PANW,81.95019203
PAIL,PAIG,73.55827888,PAJZ,131.5953977
PAIM,PATA,116.8518635,PAHL,124.8149045
PAJN,PAOH,56.69185869,PAGS,66.37655574
PAFE,PAPG,61.25686284,PAGN,71.503855
PALG,PANI,42.55881449,PARS,58.26976443
PAKV,PAGA,97.94288753,PAUN,110.8189754
PAEN,PASX,15.71100689,PANC,95.07597541
PAKT,PAMM,26.42029782,PANT,36.5412764
PAIK,PFNO,30.88455513,PASK,46.23570876
PAVC,PACD,30.81913509,PAKF,78.88097782
PAKN,PFWS,20.67213584,PAII,69.14892594
PAKI,PAOO,89.29697354,PAQH,123.6948562
PAVL,PAWN,69.75354428,PADG,77.03593573
PAKW,PAHY,44.32404814,PAKT,89.37792704
PADQ,PAKH,135.6682719,PASO,193.6696359
PAJZ,PANW,31.01169714,PAIG,88.6562683
PAOT,PFNO,69.46263632,PAWN,77.47767287
PAKK,PFSH,63.29065372,PFEL,64.1141848
PAKU,PASC,45.15666268,PALP,50.41885162
PFKW,PABE,21.41515304,PANA,31.13017459
PAML,PATA,71.38164321,PANN,89.68094103
PAMB,PADL,31.77909967,PFCL,34.60702104
PADM,PARS,38.29561116,PASM,70.16935943
PAMX,PAGK,156.095601,PACV,174.1805292
PAMC,PATL,19.87238519,PAFS,63.45255344
PAIN,PAHV,15.12587925,PATW,38.02727747
PAMY,PAOO,67.6117861,PAHP,128.3268839
PAMM,PANT,10.45500275,PAKT,26.42029782
PAMD,PACV,124.6978495,PAVD,187.2802893
PAMH,PAFS,140.4980814,PATA,143.5601519
PAMO,PASM,20.16351038,PAEM,87.35239488
PANA,PABE,12.56147417,PFKW,31.13017459
PAOU,PASD,86.75063721,PAVC,121.0634093
PANN,PAFA,65.12466858,PAHV,75.90537914
PANW,PAJZ,31.01169714,PADL,80.67391071
PAFS,PAMC,63.45255344,PAFK,64.80724537
PAWN,PADG,51.91466449,PAVL,69.75354428
PAOM,PATE,91.30995109,PAWM,98.88890331
PFNO,PAIK,30.88455513,PASK,51.47061925
PAOR,PAMX,176.860396,PAXK,180.477567
PAQT,PALP,15.10783984,PAKU,54.5311917
PALP,PAQT,15.10783984,PAKU,50.41885162
PAAQ,PAJV,17.3954598,PAWS,24.00295384
PAXK,PAGK,96.73260844,PABI,108.4031512
PAPG,PAWG,49.81564629,PAFE,61.25686284
PAPN,PAII,68.16390343,PAPH,93.52144137
PAPM,PAEH,42.92786206,PATG,81.54740211
PAPO,PALU,64.84812003,PAVL,115.2413261
PPIZ,PAWI,151.6304461,PALU,154.8453829
PAAD,PASC,82.31457948,PABA,102.313534
PAAP,PAFE,91.39907577,PASI,99.11709686
PAPC,PFKT,20.20083782,PATE,24.25471295
PAPH,PAJC,73.61829481,PAPN,93.52144137
PAPR,PABT,40.22677419,PALR,120.7922233
PAQH,PAPM,82.70796379,PANA,104.2524026
PADG,PAWN,51.91466449,PAVL,77.03593573
PARY,PAGA,69.63567529,PAHL,115.4836096
PARS,PADM,38.29561116,PALG,58.26976443
PASM,PAMO,20.16351038,PADM,70.16935943
PASD,PAOU,86.75063721,PAVC,112.7515177
PASA,PAGM,61.68453136,PATC,241.9409357
PACM,PACZ,25.62151159,PAVA,33.88332202
PASK,PAIK,46.23570876,PFNO,51.47061925
PASO,PAHO,25.96512238,PASX,120.6401427
PAWD,PAWR,81.49029268,PASX,97.10414632
PAHX,PANV,32.15617722,PAHC,57.03515204
PFSH,PFEL,57.02449626,PAUN,57.49820774
PASH,PFKT,103.5464855,PATE,112.796939
PAGH,PAFM,38.6986429,PASK,128.0411828
PASI,PAGN,69.18498953,PAFE,88.43761861
PAGY,PAHN,26.78567361,PAGS,117.2295214
PASW,PAUO,64.17787389,PATK,69.34329885
PASL,PASV,108.061716,PANI,126.2327739
PASX,PAEN,15.71100689,PAHO,95.37465445
PFWS,PAKN,20.67213584,PAII,61.54600041
PASV,PASL,108.061716,PAIL,153.7018652
PAPB,PASN,73.72461316,PADU,357.4428907
PAMK,PAUN,78.33344393,PFSH,107.1010731
PASN,PAPB,73.72461316,PAMY,422.8206179
PAJV,PAAQ,17.3954598,PAWS,36.87066662
PASP,PAJV,75.26898872,PAAQ,86.80956128
PATK,PAUO,63.00767204,PASW,69.34329885
PATA,PAML,71.38164321,PAIM,116.8518635
PATL,PAMC,19.87238519,PAFS,83.00591053
PATE,PFKT,11.70534086,PAPC,24.25471295
PATC,PAIW,10.34149125,PAPC,60.02526734
PATG,PAMB,77.40626876,PAPM,81.54740211
PAOO,PAMY,67.6117861,PAKI,89.29697354
PAUM,PAQT,102.8817643,PALP,117.4259741
PAUN,PFSH,57.49820774,PAMK,78.33344393
PABR,PATQ,94.21268817,PAWI,137.4501326
PAVD,PACV,82.70991589,PASP,100.7700359
PAWI,PATQ,96.61815116,PABR,137.4501326
PAIW,PATC,10.34149125,PAPC,70.32818596
PAWS,PABV,17.34612927,PAAQ,24.00295384
PAWM,PAGL,24.74425742,PFEL,54.94342975
PAWR,PAFR,74.07338033,PAMR,77.64163201
PAUO,PAWS,33.79446985,PABV,47.34531321
PAWG,PAPG,49.81564629,PAFE,107.8971304
PAYA,PAHN,236.1029487,PAEL,240.0604079
KNGZ,KOAK,11.50010493,KSFO,19.50171229
KAAT,KO59,34.17278013,KLKV,76.68435906
KAPV,KVCV,18.20283236,KL35,45.99935566
KACV,KEKA,19.4289807,KFOT,47.21210944
KAUN,KLHM,23.81371972,KGOO,30.70024129
KAVX,KTOA,44.8665493,KNUC,45.4109112
KBFL,KDLO,38.3212404,KTSP,65.18421363
KBAB,KMYV,12.23927645,KLHM,26.3013979
KBYS,KDAG,49.56245778,KAPV,93.37056584
KL35,KREI,33.25215995,KSBD,39.57416773
KBIH,KMMH,50.27409175,KO32,124.3882703
KBLH,KLGF,89.51133763,KNYL,107.5340966
KL08,KTRM,43.52998314,KRNM,60.46035712
KO57,KMMH,78.73405067,KMEV,93.86624453
KBUR,KWHP,8.60308883,KVNY,12.36150413
KC83,KTCY,21.9823509,KLVK,22.8653859
KCXL,KIPL,19.3263198,KNJK,23.16128099
KCMA,KOXR,10.48977154,KNTD,10.67841722
KNFG,KOKB,9.273576854,KCRQ,20.46307591
KCRQ,KOKB,11.99499267,KNFG,20.46307591
KO59,KAAT,34.17278013,KLKV,70.34912075
KCIC,KOVE,39.72676176,KRBL,51.84647664
KNID,KIYK,12.8118372,K9L2,78.77792606
KCNO,KAJO,9.150696445,KONT,9.629810646
KO22,KCPU,24.11086112,KMOD,65.30704447
KCCR,KAPC,31.65107291,KNGZ,32.11247991
KAJO,KCNO,9.150696445,KRAL,15.68922508
KSNA,KSLI,21.23834757,KFUL,24.15834286
KCEC,K4S1,72.07909981,KACV,89.82653608
KDAG,KAPV,47.83614021,KBYS,49.56245778
KDWA,KEDU,8.132003641,KVCB,24.28070607
KEDU,KDWA,8.132003641,KVCB,23.03842832
KDLO,KPTV,35.25517152,KBFL,38.3212404
KEDW,K9L2,9.687086094,KMHV,29.82226681
K9L2,KEDW,9.687086094,KMHV,27.39899552
KNJK,KIPL,8.706485331,KCXL,23.16128099
KEMT,KPOC,23.30691516,KFUL,24.34105493
KBLU,KGOO,25.85935397,KAUN,47.93461782
KEKA,KACV,19.4289807,KFOT,27.79398002
KFOT,KEKA,27.79398002,KACV,47.21210944
KFCH,KFAT,10.30992019,KO32,33.79612846
KFAT,KFCH,10.30992019,KO32,26.83122101
KFUL,KSLI,11.28566803,KLGB,16.9933165
KGOO,KBLU,25.85935397,KAUN,30.70024129
KHAF,KSFO,16.16183669,KSQL,22.13925393
KHJO,KVIS,21.05598115,KNLC,29.0830278
KHHR,KLAX,7.082035845,KTOA,13.28467526
KHWD,KOAK,11.1159411,KSQL,19.88639814
KHMT,KF70,20.25299054,KRIV,27.23112543
KNRS,KSDM,12.85253492,KNZY,17.35754391
KIPL,KNJK,8.706485331,KCXL,19.3263198
KIYK,KNID,12.8118372,KMHV,72.76589474
KWJF,KPMD,17.44699902,KEDW,35.62099236
KPOC,KCCB,8.935629224,KONT,17.13441351
KWHP,KBUR,8.60308883,KVNY,8.966369129
KNLC,KHJO,29.0830278,KFCH,45.95049086
KLHM,KAUN,23.81371972,KBAB,26.3013979
KLLR,KUKI,49.99793339,KSTS,116.8075998
KLVK,KC83,22.8653859,KHWD,26.84934343
KLPC,KVBG,13.26698682,KSMX,25.96113393
KLGB,KSLI,9.739328244,KFUL,16.9933165
KSLI,KLGB,9.739328244,KFUL,11.28566803
KLAX,KHHR,7.082035845,KSMO,9.063669913
KMAE,KFCH,38.554623,KFAT,42.25871246
KMMH,KBIH,50.27409175,KO57,78.73405067
KMYV,KBAB,12.23927645,KLHM,28.24760916
KMHR,KMCC,15.48973797,KSAC,17.57505133
KMCC,KMHR,15.48973797,KSMF,16.77987656
KMER,KMCE,11.67373147,KMOD,43.62808225
KMCE,KMER,11.67373147,KMAE,48.51668539
KNKX,KMYF,5.866728622,KSAN,15.61965369
KMOD,KSCK,38.90996418,KTCY,43.52978778
KNUQ,KPAO,7.680376408,KSJC,12.15704906
KMHV,K9L2,27.39899552,KTSP,27.43052613
KSIY,KLMT,73.67756885,KMFR,73.90675373
KMRY,KSNS,22.76744346,KWVI,39.0598207
KF70,KHMT,20.25299054,KRIV,36.17046875
KAPC,KDVO,25.25279638,KO69,28.81610167
KEED,KHII,32.53394835,KIFP,43.86543973
KNZY,KSAN,4.483282647,KMYF,14.7307865
KDVO,KO69,13.42922662,KAPC,25.25279638
KOAK,KHWD,11.1159411,KNGZ,11.50010493
KOKB,KNFG,9.273576854,KCRQ,11.99499267
KONT,KCNO,9.629810646,KCCB,10.12049158
KOVE,KCIC,39.72676176,KBAB,42.22210182
KOXR,KCMA,10.48977154,KNTD,11.94731603
KPMD,KWJF,17.44699902,KEDW,35.76238718
KPSP,KTRM,39.23375749,KHMT,48.8617771
KPAO,KNUQ,7.680376408,KSQL,13.18312702
KPRB,KSBP,48.51113546,KSMX,87.43729828
KO69,KDVO,13.42922662,KAPC,28.81610167
KPVF,KAUN,38.33330226,KMHR,50.98233098
KNTD,KCMA,10.67841722,KOXR,11.94731603
KPTV,KDLO,35.25517152,KVIS,43.71209295
KRNM,KSEE,24.27471015,KNKX,28.51743167
KRBL,KRDD,39.99236122,KCIC,51.84647664
KRDD,KRBL,39.99236122,KO54,59.24945072
KREI,KSBD,8.272072582,KRIV,25.022887
KO32,KFAT,26.83122101,KFCH,33.79612846
KO88,KSUU,20.94764896,KVCB,30.37995441
KRAL,KAJO,15.68922508,KCNO,17.8877957
KRIV,KRAL,18.90103673,KSBD,23.97622573
KSAC,KMHR,17.57505133,KMCC,19.00940787
KSMF,KMCC,16.77987656,KSAC,22.04866568
KSNS,KMRY,22.76744346,KWVI,34.48504906
KCPU,KO22,24.11086112,KSCK,58.78487741
KSBD,KREI,8.272072582,KRIV,23.97622573
KSQL,KPAO,13.18312702,KSFO,16.22347696
KNUC,KAVX,45.4109112,KNSI,84.53187608
KSDM,KNRS,12.85253492,KNZY,26.14014353
KSAN,KNZY,4.483282647,KMYF,10.25645212
KMYF,KNKX,5.866728622,KSAN,10.25645212
KSEE,KMYF,15.74195018,KNKX,16.64908484
KSFO,KHAF,16.16183669,KSQL,16.22347696
KSJC,KRHV,10.26908233,KNUQ,12.15704906
KRHV,KSJC,10.26908233,KNUQ,22.33074105
KSBP,KSMX,41.17280072,KPRB,48.51113546
KE16,KWVI,23.59845641,KRHV,34.16683784
KNSI,KNUC,84.53187608,KAVX,98.54082912
KSBA,KIZA,29.50939652,KOXR,63.30857544
KSMX,KVBG,21.3842925,KLPC,25.96113393
KSMO,KLAX,9.063669913,KHHR,14.878498
KSTS,KO69,33.25254007,KDVO,46.40508422
KIZA,KSBA,29.50939652,KLPC,36.45518433
KTVL,KMEV,24.19164078,KCXP,40.10328297
KSCK,KTCY,29.0166112,KC83,34.51640574
KSVE,KRNO,119.2111164,KBLU,122.9501592
KTSP,KMHV,27.43052613,KWJF,48.1721411
KTRM,KPSP,39.23375749,KL08,43.52998314
KTOA,KHHR,13.28467526,KLAX,16.6930418
KTCY,KC83,21.9823509,KSCK,29.0166112
KSUU,KVCB,13.0496719,KO88,20.94764896
KO86,KO54,32.63453411,KRDD,62.62166496
KTRK,KRNO,37.65653114,KCXP,37.73491156
KNXP,KPSP,60.83353897,KL35,63.86612827
KUKI,KLLR,49.99793339,KSTS,76.39943458
KCCB,KPOC,8.935629224,KONT,10.12049158
KVCB,KSUU,13.0496719,KEDU,23.03842832
KVBG,KLPC,13.26698682,KSMX,21.3842925
KVNY,KWHP,8.966369129,KBUR,12.36150413
KVCV,KAPV,18.20283236,KEDW,57.15961504
KVIS,KHJO,21.05598115,KO32,38.98606178
KWVI,KE16,23.59845641,KSNS,34.48504906
KO54,KO86,32.63453411,KRDD,59.24945072
KAAF,KPAM,65.08835004,KTLH,98.89868374
KBOW,KGIF,13.61257888,KX07,16.93843381
KBCT,KPMP,14.61485529,KFXE,21.10487529
K1J0,KMAI,40.05991422,KOZR,48.97854967
KBKV,KINF,39.63981676,KZPH,40.04455394
KXMR,KCOI,18.20841037,KTTS,20.60925143
KCLW,KPIE,10.18464538,KTPA,22.14418629
K2IS,KX14,37.89996237,KIMM,48.35690113
KCEW,KEGI,14.27751134,KVPS,32.87062795
KCTY,KFPY,65.73555619,K40J,66.57539336
KCGC,KINF,25.66272483,KBKV,45.21408325
KDAB,KOMN,14.46147143,KEVB,17.41410058
K54J,KCEW,35.79537769,KEGI,36.62566734
KDED,KDAB,25.26366481,KOMN,30.78487347
KDTS,KVPS,10.58692096,KHRT,21.11183625
KEGI,KCEW,14.27751134,KVPS,18.59334357
KVPS,KDTS,10.58692096,KHRT,16.87507991
KFHB,KJAX,25.16427573,KNRB,25.41084899
KFIN,KXFL,0.611429709,KOMN,20.30838408
KFMY,KRSW,12.12384481,KPGD,39.18599086
KRSW,KFMY,12.12384481,KIMM,37.06589608
KFPR,KVRB,18.50424677,KX26,37.4745709
KFXE,KPMP,8.124737225,KFLL,13.98203026
KFLL,KHWO,11.84601294,KFXE,13.98203026
KGNV,K42J,27.64468442,KX60,42.11496003
KHWO,KOPF,11.13200349,KFLL,11.84601294
KHST,KTMB,18.38803971,KMIA,35.12943511
KHRT,KVPS,16.87507991,KDTS,21.11183625
KIMM,KX14,34.72396708,KRSW,37.06589608
KINF,KCGC,25.66272483,KBKV,39.63981676
KVQQ,KHEG,9.457075387,KNEN,15.04066963
KCRG,KNRB,10.54480621,KNIP,19.48255782
KHEG,KVQQ,9.457075387,KNEN,10.57096654
KJAX,KNEN,23.5438261,KCRG,24.18023743
KNIP,KHEG,12.90890317,KVQQ,18.93611536
KNEN,KHEG,10.57096654,KVQQ,15.04066963
K42J,KGNV,27.64468442,K28J,40.33150101
KEYW,KNQX,7.477327046,KMTH,74.03103723
KNQX,KEYW,7.477327046,KMTH,66.55933679
KISM,KMCO,19.95197106,KORL,30.20352714
KX14,KIMM,34.72396708,K2IS,37.89996237
KLCQ,K24J,44.97674939,KGNV,62.097006
KLAL,KPCM,14.35054067,KBOW,23.64669635
KX07,KBOW,16.93843381,KGIF,22.8885786
KLNA,KPBI,10.08395857,KBCT,23.95716352
KLEE,KINF,49.49892002,KORL,55.74073571
K24J,KLCQ,44.97674939,KFPY,58.06579166
KMCF,KTPF,10.21213887,KSPG,13.99767823
KMTH,KNQX,66.55933679,KEYW,74.03103723
KMKY,KAPF,20.3104145,KIMM,55.74714404
KMAI,K17J,34.58514019,K1J0,40.05991422
KNRB,KCRG,10.54480621,KFHB,25.41084899
KMLB,KCOF,15.08867279,KCOI,26.84389928
KCOI,KCOF,13.97414142,KXMR,18.20841037
KTMB,KHST,18.38803971,KMIA,21.53956093
KMIA,KOPF,12.7128532,KTMB,21.53956093
KOPF,KHWO,11.13200349,KMIA,12.7128532
KNDZ,KNSE,2.204219453,KPNS,30.08310379
KAPF,KMKY,20.3104145,KRSW,42.70137863
KTTS,KTIX,15.12238668,KXMR,20.60925143
KEVB,KDAB,17.41410058,KOMN,31.57923531
KF45,KPBI,21.84127081,KLNA,31.05552693
KOCF,KX60,31.46090014,KINF,41.45866972
KOBE,KSEF,53.19768165,KFPR,54.10669472
KMCO,KORL,13.11944474,KISM,19.95197106
KORL,KMCO,13.11944474,KSFB,27.43546927
KOMN,KDAB,14.46147143,KFIN,20.30838408
K28J,K42J,40.33150101,KSGJ,47.45268274
KXFL,KFIN,0.611429709,KOMN,20.60748638
KECP,KPAM,38.32725842,K54J,53.80326263
KCOF,KCOI,13.97414142,KMLB,15.08867279
KPNS,KNPA,18.44906951,KNDZ,30.08310379
KNPA,KPNS,18.44906951,KJKA,34.59934892
K40J,KFPY,1.310752402,K24J,59.27560872
KFPY,K40J,1.310752402,K24J,58.06579166
KPCM,KLAL,14.35054067,KVDF,17.84508647
KPMP,KFXE,8.124737225,KBCT,14.61485529
KPGD,KFMY,39.18599086,KVNC,47.63933638
KSFB,KORL,27.43546927,KDED,32.49373206
KSRQ,KVNC,37.73063542,KSPG,41.72697386
KX26,KVRB,19.07094552,KMLB,35.44847093
KSEF,KOBE,53.19768165,KX07,55.81178008
KSGJ,KNIP,44.95450896,KCRG,45.16752458
KSPG,KMCF,13.99767823,KPIE,17.1927854
KPIE,KCLW,10.18464538,KTPA,16.79747981
KSUA,KF45,37.50598053,KFPR,37.76012902
KTLH,KBGE,69.58204702,KTVI,71.88422054
KTPA,KTPF,10.59646671,KMCF,14.08227105
KTPF,KMCF,10.21213887,KTPA,10.59646671
KVDF,KTPF,14.96835471,KPCM,17.84508647
KTIX,KTTS,15.12238668,KCOI,22.23782056
KPAM,KECP,38.32725842,KAAF,65.08835004
KVNC,KSRQ,37.73063542,KPGD,47.63933638
KVRB,KFPR,18.50424677,KX26,19.07094552
KPBI,KLNA,10.08395857,KF45,21.84127081
KNSE,KNDZ,2.204219453,KPNS,32.03469635
KX60,KOCF,31.46090014,KGNV,42.11496003
KGIF,KBOW,13.61257888,KX07,22.8885786
KZPH,KPCM,25.36558219,KLAL,29.82253026
KAIT,KHZX,29.1197598,KBRD,39.06997561
KAEL,KAUM,34.93699675,KACQ,46.0597983
KAXN,KGHW,25.39241203,KD39,39.93424644
KAQP,KBBB,30.01082604,KDXX,30.08502781
KAUM,KAEL,34.93699675,KTOB,40.09370545
KBDE,KRRT,58.85887897,KVWU,64.24528502
KBJI,KFSE,63.70437165,KPKD,68.50949429
KBBB,KAQP,30.01082604,KMOX,35.88280426
KFOZ,KGPZ,64.43887521,KORB,64.62443504
KBRD,KRYM,38.19107135,KAIT,39.06997561
KCFE,KMGG,14.05825599,KMIC,39.89158168
KCBG,KPNM,26.78399997,KROS,28.8038311
KRYM,KLXL,15.76682468,KBRD,38.19107135
KCNB,KDXX,29.3799151,KMML,46.89513594
KCOQ,KDLH,28.34054319,KSUW,31.21068642
KCQM,KORB,24.89315903,KEVM,46.38391487
KCKN,KTVF,40.95765403,KGFK,43.03718172
KDTL,KJKJ,59.20493758,KPKD,62.34739214
KTOB,KRST,29.20176809,KOWA,36.2294452
KDLH,KDYT,17.59066532,KSUW,18.54462385
KDYT,KSUW,5.302930493,KDLH,17.59066532
KELO,KCQM,64.10932909,KEVM,66.9103797
KEVM,KHIB,25.98003416,KCQM,46.38391487
KFRM,KEST,37.45484582,KJYG,39.74810923
KFBL,KOWA,23.17177304,KLVN,33.96544098
KFFM,KBWP,34.93504338,KETH,63.49106313
KFSE,KTVF,60.89892545,KBJI,63.70437165
KGYL,KHCD,26.428497,KCFE,48.56412783
KGHW,KAXN,25.39241203,KD39,30.86495656
KCKC,KGRM,1.274836352,KBFW,101.4986829
KGRM,KCKC,1.274836352,KBFW,100.8660984
KGPZ,KHIB,54.21862085,KXVG,58.00259945
KGDB,KMVE,26.90173454,KMML,39.70913254
KHCO,KGAF,49.88250855,K2C8,50.60680189
KHIB,KEVM,25.98003416,KCQM,49.68549958
KHCD,KGYL,26.428497,KLJF,28.14272088
KINL,KORB,73.36166669,KFOZ,89.0163274
KMJQ,KMWM,30.90550657,KEST,33.20263635
K21D,KSTP,17.53320214,KSGS,20.93653738
KLJF,KHCD,28.14272088,KPEX,35.88194215
KLXL,KRYM,15.76682468,K14Y,41.11860664
K14Y,KD39,21.84213234,KAXN,40.47272251
KXVG,KPWC,32.45712248,KGPZ,58.00259945
KLYV,KPQN,40.83065637,KFSD,42.48760387
KDXX,KCNB,29.3799151,KAQP,30.08502781
KMKT,KACQ,33.5115225,KULM,47.72711774
KMGG,KCFE,14.05825599,KSTC,35.02100907
KMML,KTKC,28.15477151,KGDB,39.70913254
KHZX,KAIT,29.1197598,KMZH,44.5891559
KANE,KMIC,14.5001057,KSTP,26.25592164
KMSP,KSTP,14.01615355,KSGS,15.14193412
KLVN,KMSP,28.25910433,KFCM,28.60767632
KMIC,KANE,14.5001057,KMSP,22.55178751
KFCM,KMSP,19.52282216,KMIC,27.34264529
KMVE,KGDB,26.90173454,KDXX,36.81345704
KJKJ,KFAR,14.6827558,KDTL,59.20493758
KMZH,KCOQ,38.92715998,KHZX,44.5891559
KJMR,KROS,32.37869787,KCBG,36.54364284
KMOX,KBBB,35.88280426,KAQP,37.7509052
KULM,KJYG,37.32555615,KMKT,47.72711774
KOVL,KRWF,26.02656272,KILL,37.74210912
KORB,KCQM,24.89315903,KFOZ,64.62443504
KVVV,K1D1,13.88226637,KAQP,34.0071681
KOWA,KFBL,23.17177304,KACQ,23.99216338
KPKD,KADC,51.16468866,KPWC,56.12913236
KPEX,KLJF,35.88194215,KILL,39.13918391
KPWC,KXVG,32.45712248,KBRD,40.80347869
KPQN,KLYV,40.83065637,KDVP,41.42144743
KFKA,KRST,36.38090009,KDEH,57.03816106
KPNM,KCBG,26.78399997,KSTC,35.20194753
KRGK,KSGS,52.53384914,K21D,53.98946022
KRWF,KOVL,26.02656272,KGDB,43.92451172
KRST,KTOB,29.20176809,KFKA,36.38090009
KROX,KRRT,27.19418574,KBDE,80.72226767
KROS,KCBG,28.8038311,KJMR,32.37869787
KD39,K14Y,21.84213234,KGHW,30.86495656
KBFW,KTWM,33.38382862,KELO,71.17622587
KDVP,KTKC,32.34962059,KOTG,40.33189728
KSGS,KSTP,8.867279136,KMSP,15.14193412
KSAZ,KADC,31.94701862,KRYM,47.06291891
KSTC,KMGG,35.02100907,KPNM,35.20194753
KJYG,KULM,37.32555615,KFRM,39.74810923
KSTP,KSGS,8.867279136,KMSP,14.01615355
KTVF,KCKN,40.95765403,KFSE,60.89892545
KTKC,KMML,28.15477151,KDVP,32.34962059
KTWM,KBFW,33.38382862,KDLH,41.10322878
KADC,KSAZ,31.94701862,KPKD,51.16468866
KRRT,KROX,27.19418574,KBDE,58.85887897
KACQ,KOWA,23.99216338,KMKT,33.5115225
KVWU,KBDE,64.24528502,KFOZ,76.60276591
KETH,K8D3,37.19731083,KMOX,50.73302273
KILL,KOVL,37.74210912,KPEX,39.13918391
KMWM,KMJQ,30.90550657,KJYG,44.88788936
KONA,KLSE,42.32567993,KFKA,58.39433515
KOTG,KDVP,40.33189728,KMWM,47.40550872
KIYA,KARA,20.13885983,KLFT,26.33911648
KAEX,KESF,25.39306187,KACP,65.51334997
KESF,KAEX,25.39306187,K0R4,76.98089242
KBAD,KDTN,8.819343803,KSHV,16.46812852
KBQP,KMLU,30.82509807,KRSN,71.38482365
KBTR,KHZR,37.61977902,KL38,44.82206199
KBXA,KMJD,41.64045926,KASD,52.27736253
KLNQ,KNBG,77.81235799,KGAO,80.18025278
KCWF,KLCH,12.14776011,KUXL,24.05830737
K5R8,KUXL,35.69534507,KCWF,40.77388296
KDRI,KPOE,27.59079643,K5R8,45.26388849
KPOE,KDRI,27.59079643,KACP,58.13288857
KGAO,KHUM,40.942729,KNBG,47.61966559
KL38,K1L0,35.72344132,KBTR,44.82206199
KREG,KMSY,20.85348068,K1L0,24.97029157
K3L4,K3R7,50.71256838,KLCH,54.56783337
KHDC,KREG,40.14119715,K1L0,50.83129008
KHUM,KGAO,40.942729,K1L0,58.36152917
K3R7,KCWF,45.27810534,K3L4,50.71256838
KLFT,KARA,21.12735183,KIYA,26.33911648
KLCH,KCWF,12.14776011,KUXL,14.70710152
K3F3,KSHV,41.86995974,KF17,45.64727267
KMNE,KBAD,37.76975739,KDTN,43.43959082
KMLU,KBQP,30.82509807,KRSN,51.6503988
KIER,KAEX,69.07670708,K3F3,73.267032
KARA,KIYA,20.13885983,KLFT,21.12735183
KMSY,KREG,20.85348068,KNEW,22.77739299
KNEW,KMSY,22.77739299,KNBG,24.14908212
KNBG,KNEW,24.14908212,KMSY,28.48464749
KHZR,KBTR,37.61977902,KOPL,61.98870857
KACP,K3R7,56.4604715,KPOE,58.13288857
KOPL,KLFT,40.70125139,KACP,60.23780018
KPTN,KARA,63.97708459,KL38,64.23726405
K1L0,KREG,24.97029157,KMSY,32.93322395
KRSN,KMLU,51.6503988,KMNE,68.35152162
KDTN,KBAD,8.819343803,KSHV,12.86296629
KSHV,KDTN,12.86296629,KBAD,16.46812852
KASD,KMJD,22.69824272,KHSA,35.22768982
KUXL,KLCH,14.70710152,KCWF,24.05830737
KTVR,KVKS,15.59022035,KJVW,57.69696307
K0R4,KHEZ,20.6325001,KESF,76.98089242
KABY,KCXU,35.79546138,KMGR,62.25303907
KAMG,KBHC,22.46104671,KAYS,33.61017521
KACJ,KCKF,41.3985769,K6A1,51.2774195
KAHN,KWDR,31.68676511,K19A,33.08157999
KFTY,KMGE,15.16347441,KATL,18.03320455
KATL,KFTY,18.03320455,K4A7,28.88391586
KPUJ,KVPC,24.86503909,KRYY,33.68811748
KAGS,KDNL,12.79448053,KAIK,40.46490269
KDNL,KAGS,12.79448053,KAIK,38.62685365
KBGE,K17J,23.23294824,KCXU,46.64276879
KBHC,KAMG,22.46104671,KAZE,30.58615746
KDZJ,KRHP,39.73473421,K49A,54.45888483
KBIJ,K17J,43.46333358,KBGE,53.32322836
KBQK,KSSI,13.88223447,KJES,51.34332205
KSSI,KBQK,13.88223447,KFHB,59.93736606
K6A1,KOPN,42.85528139,KPXE,45.27305914
KCZL,KRMG,23.21064195,KDNN,30.40808446
KCXU,KABY,35.79546138,KMGR,43.63980391
K18A,KTOC,31.89347623,K27A,39.92909589
KCTJ,KPUJ,36.90336467,KCCO,50.18101582
KVPC,KPUJ,24.86503909,KRYY,26.19285669
KCWV,KMHP,27.99149986,KRVJ,30.5734397
K48A,KEZM,24.8454973,KDBN,32.85803484
KCSG,KLSF,20.50256718,KPIM,36.4570147
KCKF,KACJ,41.3985769,KPXE,58.02494222
KAJR,KTOC,26.0768211,KGVL,35.61862498
K9A1,KD73,22.08888513,KLZU,39.81720151
KDNN,KCZL,30.40808446,K49A,33.2961313
KMGE,KRYY,13.18512534,KFTY,15.16347441
K17J,KBGE,23.23294824,KMAI,34.58514019
KDQH,KAMG,34.19443197,KFZG,45.14689298
KDBN,K48A,32.85803484,KEZM,41.1813054
KEZM,K48A,24.8454973,KDBN,41.1813054
K27A,KIIY,35.11532735,K18A,39.92909589
KFZG,KTMA,35.0538542,KDQH,45.14689298
KLSF,KCSG,20.50256718,KEUF,44.8336029
KLHW,KSVN,41.54213481,KSAV,43.09091677
KGVL,K19A,27.09557119,KLZU,34.93469041
K49A,KJZP,20.36477765,KDNN,33.2961313
K3J7,KIIY,36.08844727,KAHN,42.68681937
K6A2,K4A7,18.84650716,KOPN,30.30908126
K4A7,K6A2,18.84650716,KFFC,22.65096736
KAZE,KBHC,30.58615746,KAMG,40.9870086
KHOE,KVAD,41.10582301,KAYS,41.94634574
KJZP,K49A,20.36477765,KCZL,44.17651294
K19A,KWDR,23.41167865,KGVL,27.09557119
KJES,KLHW,48.01666707,KBQK,51.34332205
K9A5,KDNN,38.59984,KCHA,39.35294028
KLGC,KPIM,25.89601871,KCCO,44.00796187
KLZU,KWDR,27.2065072,KD73,33.05285839
K2J3,K2J5,40.55914498,KSBO,41.99085746
KMCN,KWRB,7.943815512,KPXE,23.08334077
KRYY,KMGE,13.18512534,KVPC,26.19285669
KHQU,KIIY,39.22173448,KDNL,44.79459239
KMHP,KCWV,27.99149986,KVDI,34.05084316
KMLJ,KOKZ,42.91440372,K3J7,50.21059092
K2J5,K2J3,40.55914498,KJYL,44.13732056
KD73,K9A1,22.08888513,KWDR,22.41864924
KVAD,KVLD,22.09883807,KHOE,41.10582301
KMGR,KMUL,11.38321729,KTVI,21.69583418
KMUL,KMGR,11.38321729,KTVI,31.59682884
KCCO,KFFC,19.08320044,K4A7,41.67508447
KFFC,KCCO,19.08320044,K4A7,22.65096736
KPDK,KMGE,20.26802956,KFTY,22.93163033
KPXE,KWRB,21.85098018,KMCN,23.08334077
KPIM,KLGC,25.89601871,KCSG,36.4570147
KRVJ,KVDI,25.46111082,KCWV,30.5734397
KRMG,KCZL,23.21064195,KVPC,38.05713373
KOKZ,K2J3,42.26747999,KMLJ,42.91440372
KSVN,KSAV,14.11568367,KLHW,41.54213481
KSAV,KSVN,14.11568367,KLHW,43.09091677
KTBR,KJYL,22.3281731,KCWV,34.32388404
KSBO,KMHP,37.78028215,K2J3,41.99085746
KJYL,KTBR,22.3281731,K2J5,44.13732056
KOPN,K6A2,30.30908126,K6A1,42.85528139
KTVI,KMGR,21.69583418,KMUL,31.59682884
KTMA,KFZG,35.0538542,KMUL,37.94404081
KTOC,KAJR,26.0768211,K18A,31.89347623
KVLD,KVAD,22.09883807,KHOE,56.77063781
KVDI,KRVJ,25.46111082,KMHP,34.05084316
KWRB,KMCN,7.943815512,KPXE,21.85098018
KIIY,K27A,35.11532735,K3J7,36.08844727
KAYS,KAMG,33.61017521,KHOE,41.94634574
KWDR,KD73,22.41864924,K19A,23.41167865
KAKO,K2V6,43.99031509,KSTK,48.82083458
KALS,KPSO,106.3759422,KSKX,109.9777604
KASE,KEGE,46.82452712,KLXV,47.55224298
KBDU,KLMO,14.82392933,KEIK,15.50051652
KBJC,KEIK,12.71694045,KBDU,17.23838165
KBKF,KAPA,16.8263183,KDEN,19.0289716
KAEJ,KANK,31.30900558,KLXV,48.22641554
KITR,KGLD,52.39277719,KSYF,71.31340884
K1V6,KFCS,41.16421733,KCOS,54.76994971
KCWN,KIZG,13.35713693,KHIE,51.90571187
KCOS,KFCS,14.97619405,KAFF,20.64272893
KCEZ,KFMN,71.76954517,KDRO,79.19448995
KCAG,KHDN,25.75586847,KSBS,55.51216716
KAJZ,KMTJ,34.1164276,KGJT,55.23427333
KAPA,KBKF,16.8263183,KFTG,35.73210084
KDEN,KFTG,14.41860076,KBKF,19.0289716
KFTG,KDEN,14.41860076,KBKF,20.49522196
KDRO,KFMN,62.21621643,KPSO,63.59767245
KEGE,KASE,46.82452712,K20V,65.44145872
KEIK,KBJC,12.71694045,KBDU,15.50051652
KFCS,KCOS,14.97619405,KAFF,32.75253779
KFMM,KAKO,52.53101402,KSTK,55.17436181
KFNL,KGXY,32.03351832,KLMO,34.21015947
KGNB,K20V,38.67876506,KBDU,59.06928613
KGJT,KAJZ,55.23427333,KRIL,82.08518127
KGXY,KFNL,32.03351832,KLMO,54.28047536
KGUC,KASE,76.84664253,KANK,76.88972666
KHDN,KCAG,25.75586847,KSBS,30.01850573
KHEQ,K2V5,52.23213993,KIML,55.50011228
K20V,KGNB,38.67876506,KEGE,65.44145872
KLHX,KLAA,72.32188984,KPUB,90.37951177
KLAA,KLHX,72.32188984,K3K3,82.48997697
KLXV,KASE,47.55224298,KAEJ,48.22641554
KLIC,KFTG,93.78995333,KCOS,103.487284
KLMO,KBDU,14.82392933,KEIK,19.67359352
KEEO,KCAG,58.45962219,KRIL,59.66694016
KMTJ,KAJZ,34.1164276,KTEX,61.83644389
KAIB,KTEX,65.49516081,KMTJ,65.64456222
KPSO,KDRO,63.59767245,KTEX,105.544794
KPUB,KFCS,48.84664997,K1V6,55.34206042
K4V0,KVEL,74.19459013,KEEO,74.79357295
KRIL,KEEO,59.66694016,KEGE,70.52376755
KANK,KAEJ,31.30900558,KGUC,76.88972666
KSBS,KHDN,30.01850573,KCAG,55.51216716
KSTK,KAKO,48.82083458,KFMM,55.17436181
KTEX,KMTJ,61.83644389,KAIB,65.49516081
KTAD,KRTN,59.3358315,KLHX,114.3981227
KAFF,KCOS,20.64272893,KFCS,32.75253779
K33V,KSBS,56.55506956,K20V,77.94546076
K2V5,K2V6,40.14711692,KHEQ,52.23213993
K2V6,K2V5,40.14711692,KAKO,43.99031509
KADG,KUSE,28.76887629,KDUH,37.90673047
KAMN,KMOP,33.55246507,KY70,52.3249364
KAPN,KPZQ,41.58659018,KOSC,70.88853467
KARB,KYIP,17.79513476,KDTW,32.31911952
KBAX,KCFS,51.46821812,KHYX,80.44782983
KBTL,KRMY,25.13867831,KAZO,26.01067577
KSJX,KCVX,48.72154321,KISQ,56.42525722
KACB,KCVX,35.66629642,KGLR,39.00240785
KBEH,KLWA,28.54831243,KSBN,47.58892494
KRQB,KFFX,50.54980444,KCAD,61.86098229
KCAD,KTVC,53.32259361,KHTL,60.42974424
KCFS,KHYX,33.76604336,KD95,45.8103658
KCVX,KMGN,31.26664554,KACB,35.66629642
KFPK,KLAN,29.16998042,KTEW,31.80408823
KSLH,KPLN,23.4588089,KMCD,25.20501267
KCIU,KANJ,26.6207672,KMCD,44.75713924
KOEB,KANQ,32.75801855,KIRS,34.66889377
KDET,KVLL,20.26970283,KMTC,26.77550788
KONZ,KDTW,20.22258557,KTTF,28.68294319
KDTW,KYIP,14.8477863,KONZ,20.22258557
KYIP,KDTW,14.8477863,KARB,17.79513476
KDRM,KCIU,62.2305343,KPZQ,67.17553137
KESC,KSAW,73.91731607,KISQ,76.70107223
KFNT,KRNP,32.30401342,KD95,39.935451
KFKS,KMBL,39.40153519,KTVC,50.58446054
KFFX,KC04,35.10808658,KMKG,35.88336447
KGLR,KGOV,37.10363272,KACB,39.00240785
KGRR,KY70,38.18399127,KBIV,50.09129148
KGOV,KHTL,35.93181253,KGLR,37.10363272
KSAW,KESC,73.91731607,KIMT,81.34589696
KCMX,KSAW,123.0799505,KLNL,125.5663763
KMGN,KPLN,18.54107718,KCVX,31.26664554
KC04,KFFX,35.10808658,KLDM,36.22620527
KJYM,KOEB,38.64065544,KJXN,39.05803742
KBIV,KLWA,45.21770943,KMKG,48.61503379
KHTL,KGOV,35.93181253,KY31,41.13417092
KOZW,KTEW,36.78745308,KFNT,42.1452246
KY70,KGRR,38.18399127,KLAN,42.43581959
KIMT,KESC,79.88727764,KSAW,81.34589696
KIWD,KD25,48.97876412,K4R5,55.99546925
KJXN,KTEW,34.15511284,KJYM,39.05803742
KAZO,KBTL,26.01067577,KHAI,30.77899015
KDUH,KTOL,20.86015161,KTDZ,23.84129826
KLAN,KTEW,27.21487173,KFPK,29.16998042
KD95,KFNT,39.935451,KCFS,45.8103658
KLDM,KC04,36.22620527,KMBL,36.67439084
KMCD,KSLH,25.20501267,KPLN,34.9550463
KMBL,KLDM,36.67439084,KFKS,39.40153519
KISQ,KSJX,56.42525722,KERY,66.56555641
KRMY,KBTL,25.13867831,KOEB,36.2348984
KTEW,KLAN,27.21487173,KFPK,31.80408823
KMNM,KOCQ,35.25629735,KSUE,35.79426394
KTTF,KONZ,28.68294319,KDUH,29.13498771
KMOP,KAMN,33.55246507,KMBS,53.9091667
KMKG,KFFX,35.88336447,KBIV,48.61503379
KERY,KISQ,66.56555641,KSJX,69.33443928
KOSC,KY31,66.57325312,KAPN,70.88853467
KRNP,KFNT,32.30401342,KOZW,42.42661127
KPLN,KMGN,18.54107718,KSLH,23.4588089
KPTK,KVLL,24.05770882,KFNT,42.52424059
KPHN,KMTC,41.55581067,KD95,62.8929429
KPZQ,KAPN,41.58659018,KSLH,61.47925652
KHYX,KMBS,20.73119046,KCFS,33.76604336
KMBS,KHYX,20.73119046,KCFS,51.80750463
KANJ,KCIU,26.6207672,KDRM,70.96770001
KMTC,KDET,26.77550788,KVLL,29.00088634
KLWA,KBEH,28.54831243,KBIV,45.21770943
KIRS,KHAI,20.70555819,KOEB,34.66889377
KHAI,KIRS,20.70555819,KAZO,30.77899015
KTVC,KACB,40.87144593,KFKS,50.58446054
KVLL,KDET,20.26970283,KPTK,24.05770882
KY31,KHTL,41.13417092,KGOV,65.14524616
KADT,KOIN,42.95312263,KCBK,45.8807244
K3AU,KBEC,12.32995968,KAAO,15.16888692
KK88,KCNU,24.12277601,KFSK,54.76819821
KUKL,KEMP,40.80543089,KOWI,48.79156512
KCNU,KK88,24.12277601,KPPF,37.65358967
KCFV,KIDP,19.65800775,KPPF,26.86799659
KCBK,KOEL,40.52913938,KOEL,40.52913938
KCNK,KHJH,67.27051378,KSLN,84.31920019
KDDC,KGCK,69.04740575,K3K8,81.7204537
KEQA,K3AU,25.57489836,KAAO,35.59324834
KEHA,KGUY,48.24231765,KHQG,48.62919082
K9K7,KLYO,45.32357883,KSLN,50.23454523
KEMP,KUKL,40.80543089,K13K,54.14814304
K13K,KEQA,46.99446688,KEMP,54.14814304
KFLV,KMCI,18.97572601,KMKC,38.87433715
KFSK,KPTS,38.94224737,KNVD,41.23222573
KFRI,KMHK,12.67553793,KSLN,82.15946809
KGCK,K19S,48.8417996,KTQK,62.40767644
KGLD,KSYF,44.21044437,KITR,52.39277719
KGBD,KLYO,55.14361369,KRSL,58.833197
K8K2,K9K8,44.03042569,KEGT,58.17324343
KHYS,KRSL,40.09041388,KGBD,66.02852812
KHLC,KNRN,52.71819449,KPHG,59.33426171
KHQG,KHQG,0.000900635,KLBL,38.77271554
KHQG,KHQG,0.000900635,KLBL,38.77271554
KHUT,KMPR,35.16486133,KLYO,44.44278624
KIDP,KCFV,19.65800775,KPPF,30.72745443
K2K3,KULS,31.71601881,K3K3,45.45530099
K9K8,K8K2,44.03042569,KHUT,49.7795553
KLWC,KIXD,34.62374166,KTOP,35.66716526
K3K7,KTQK,40.79062679,K3K3,62.09278966
KLBL,KHQG,38.77271554,KHQG,38.77271554
KLYO,KHUT,44.44278624,K9K7,45.32357883
KMHK,KFRI,12.67553793,KMYZ,79.5016209
KMYZ,KBIE,50.69373154,KMHK,79.5016209
KIAB,KBEC,9.333269724,KAAO,14.57908021
KMPR,KHUT,35.16486133,KLYO,46.71948774
KEWK,KAAO,34.85349764,KBEC,40.77749895
KNRN,KPHG,50.96727607,KHLC,52.71819449
KOEL,KOEL,0.000900635,KCBK,40.52913938
KOEL,KOEL,0.000900635,KCBK,40.52913938
KOIN,KMCK,41.65404722,KADT,42.95312263
KOJC,KIXD,13.35473563,KGVW,15.38566359
KIXD,KOJC,13.35473563,KGVW,28.64633137
KOWI,KIXD,45.24117055,KUKL,48.79156512
KPPF,KCFV,26.86799659,KIDP,30.72745443
KPHG,KK82,44.86076594,KNRN,50.96727607
KPTS,KFSK,38.94224737,KJLN,38.98505812
KPTT,K9K8,54.94214465,KGBD,72.13878441
KRSL,KHYS,40.09041388,K9K7,52.2528883
KSLN,KMPR,48.88825987,K9K7,50.23454523
KTQK,K3K7,40.79062679,KGCK,62.40767644
KK82,KPHG,44.86076594,KHDE,89.64946139
KSYF,K42V,39.25484538,KGLD,44.21044437
K19S,KGCK,48.8417996,KULS,49.03930063
K3K3,K2K3,45.45530099,KULS,54.10004527
KFOE,KTOP,13.69776571,KLWC,39.21498732
KTOP,KFOE,13.69776571,KLWC,35.66716526
KULS,K2K3,31.71601881,KHQG,49.02643546
KEGT,KIAB,34.82122693,KWLD,35.50634526
KBEC,KAAO,5.928870433,KIAB,9.333269724
KAAO,KBEC,5.928870433,KIAB,14.57908021
KICT,KIAB,14.84999785,KBEC,19.82608623
KWLD,KEGT,35.50634526,KPNC,48.8613023
KALN,KSTL,32.18468143,KSET,33.51318531
KBMI,KAAA,50.15977938,KPNT,55.45962674
KCPS,KSTL,27.13617795,KBLV,28.05521479
KCIR,KSIK,35.53868367,KCGI,35.8985764
KMDH,KMWA,20.91003778,KK02,54.52577483
KCUL,KFWC,40.90457591,KHSB,48.5801284
KENL,KSLO,17.9896092,KMVN,29.41620325
KCMI,KTIP,30.54750834,KDEC,55.0218452
KARR,KDPA,24.1309513,KDKB,26.20287638
KDPA,K06C,15.18969165,KARR,24.1309513
KMDW,KCGX,14.45348742,KORD,24.85618027
KIGQ,KGYY,13.27231405,KMDW,33.50305255
KCGX,KMDW,14.45348742,KORD,27.94459203
KORD,KPWK,15.082949,K06C,16.27662898
KDNV,KTIP,47.55550064,KPRG,55.84085073
KDEC,KTAZ,51.76273972,KAAA,53.82290095
KDKB,KARR,26.20287638,KRPJ,31.16136681
KC73,KSQI,21.7621351,KRPJ,30.98670509
K1H2,KFOA,45.62478217,KOLY,49.57392586
KFWC,KFOA,32.02770552,KMVN,39.43265161
KFOA,KOLY,24.82563636,KFWC,32.02770552
KFEP,KRFD,40.31945195,KEFT,41.00315643
KGBG,KMQB,50.07026828,KMLI,57.12408615
KGRE,KVLA,25.03757156,KSLO,41.76059762
KHSB,KMWA,41.51836338,KCUL,48.5801284
KIJX,KSPI,48.4872951,KPPQ,48.60428131
KJOT,KLOT,11.94035369,KC09,22.71874011
KIKK,KJOT,56.7472575,KRZL,57.35720798
KC75,KVYS,41.82011431,KPIA,47.17598135
KLWV,KAJG,20.45874647,KRSV,28.24893737
KAAA,KSPI,45.57210631,KBMI,50.15977938
K3LF,KALN,44.10619439,KGRE,44.43776738
KMQB,KBRL,49.48576306,KGBG,50.07026828
KMWA,KMDH,20.91003778,KHSB,41.51836338
KMTO,K1H2,50.3224446,KPRG,57.78978059
KM30,KPAH,14.06208062,KCIR,43.71638423
KMLI,KDVN,19.26189111,KCWI,45.05200257
KC09,KJOT,22.71874011,KLOT,33.61679681
KAJG,KLWV,20.45874647,KOLY,41.0955407
KI63,KUIN,33.64250819,KPPQ,38.82498337
KMVN,KENL,29.41620325,KSLO,36.74962556
KOLY,KFOA,24.82563636,KAJG,41.0955407
KPWK,KORD,15.082949,K06C,21.55993079
KPRG,KHUF,41.56138364,KDNV,55.84085073
KPIA,KC75,47.17598135,KAAA,63.87235826
KVYS,KC75,41.82011431,KC73,58.79910632
KPPQ,KI63,38.82498337,KIJX,48.60428131
KPNT,KBMI,55.45962674,KC09,58.32538008
KUIN,KHAE,32.2659989,KI63,33.64250819
KTIP,KCMI,30.54750834,KDNV,47.55550064
KRSV,KLWV,28.24893737,KAJG,46.01919874
KRPJ,KC73,30.98670509,KDKB,31.16136681
KRFD,KRPJ,33.66136299,KFEP,40.31945195
KLOT,KJOT,11.94035369,KC09,33.61679681
KSLO,KENL,17.9896092,KMVN,36.74962556
KSFY,KCWI,30.07806527,KFEP,48.74851968
K06C,KDPA,15.18969165,KORD,16.27662898
KBLV,KCPS,28.05521479,KALN,42.50877426
KSAR,KK02,34.28840468,KBLV,45.64602829
KSPI,KAAA,45.57210631,KTAZ,45.66066928
KSQI,KC73,21.7621351,KSFY,49.1054178
KTAZ,KSPI,45.66066928,K3LF,50.96601325
KVLA,KGRE,25.03757156,KSLO,42.53018775
KUGN,KENW,19.90745146,KPWK,34.35691032
KEET,KEKY,20.1362901,K0A8,39.07895781
K8A0,KGAD,32.39376047,KCMD,54.77815466
KALX,KSCD,42.85371981,KAUO,59.63571708
K79J,K0J4,30.62648221,KEDN,46.93460972
KANB,KASN,17.97665835,KPLR,36.37139226
KAUO,KCSG,47.67931185,KLSF,51.75626293
KEKY,KEET,20.1362901,KBHM,32.07299783
KBHM,KEKY,32.07299783,KEET,42.99659746
K0A8,KEET,39.07895781,KEKY,44.49004481
K9A4,KMSL,25.73410555,KDCU,36.90561741
K3A1,KCMD,0.75923753,KHSV,41.67429268
KCMD,K3A1,0.75923753,KHSV,41.73318647
KDCU,KHSV,15.67350234,KHUA,24.00792833
KDYA,KA08,53.59498762,KNMM,57.25249108
KDHN,KHEY,21.17444072,KOZR,25.5723205
KEDN,KLOR,15.82935349,KOZR,17.92181324
KEUF,KLSF,44.8336029,KCSG,65.31731057
KGZH,K79J,62.87152605,KPRN,62.99170798
KCQF,KBFM,25.07148382,KJKA,28.23470461
K0J4,K79J,30.62648221,KCEW,35.53994383
K4A9,K4A6,35.3542324,K9A5,46.12917636
KHEY,KLOR,7.504435061,KOZR,9.233512747
KGAD,K8A0,32.39376047,KASN,44.91624578
KPRN,KMGM,54.54815277,KTOI,56.56114204
KJKA,KCQF,28.23470461,KNPA,34.59934892
K1M4,K9A4,48.05150331,KJFX,49.63918241
KHSV,KHUA,9.461133539,KDCU,15.67350234
KMDQ,KFYM,22.05784398,KHUA,23.40752212
KJFX,K1M4,49.63918241,K3A1,58.54596566
KLOR,KHEY,7.504435061,KOZR,9.828771693
KA08,KSEM,41.7731562,KDYA,53.59498762
KMXF,KMGM,9.52726288,K1A9,15.12203648
KMOB,KBFM,18.1798918,KPQL,37.37305934
KBFM,KMOB,18.1798918,KCQF,25.07148382
KMGM,KMXF,9.52726288,K1A9,18.97649917
KMSL,K9A4,25.73410555,K1M4,51.71344735
KOZR,KHEY,9.233512747,KLOR,9.828771693
KPLR,KASN,18.40530031,KANB,36.37139226
K1A9,KMXF,15.12203648,KMGM,18.97649917
KHUA,KHSV,9.461133539,KMDQ,23.40752212
K4A6,K4A9,35.3542324,KMDQ,53.91659357
KSEM,KA08,41.7731562,K1A9,45.83741827
KSCD,KALX,42.85371981,KPLR,43.35009679
KASN,KANB,17.97665835,KPLR,18.40530031
KTOI,KPRN,56.56114204,KMGM,60.74937508
KTCL,K0A8,58.01592541,KEKY,64.55336379
KADF,KHOT,42.11726638,KCDH,60.01214367
KBVX,KM19,43.6556033,KSRC,57.91093941
KSUZ,KLIT,28.02969413,KORK,33.92948596
KVBT,KROG,10.49038593,KXNA,10.57341989
KXNA,KVBT,10.57341989,KSLG,19.23826144
KBYH,KHKA,10.53006562,KTKX,30.25508661
KHKA,KBYH,10.53006562,KTKX,36.7399403
KCDH,KELD,44.9173382,KADF,60.01214367
KCXW,KORK,34.41644058,KLRF,38.6759341
KCCA,KCXW,64.94370774,KRUE,69.27376046
K3K8,KPTT,73.67981014,KAVK,77.48635866
K4M9,KARG,39.79730288,KPOF,50.21516113
KDEQ,K4O4,45.09097939,KMEZ,58.29064234
KELD,KCDH,44.9173382,KMNE,78.06587022
KFYV,KASG,19.58681112,KXNA,33.13604378
KFLP,KBPK,13.79862869,KHRO,50.69961931
KFSM,KJSV,41.05513731,KRKR,41.94464966
KHRO,KFLP,50.69961931,KBPK,62.455322
KHOT,KADF,42.11726638,KSUZ,57.86981237
KJBR,KARG,41.1120256,KM19,52.47639577
KLRF,KORK,13.32421663,KLIT,21.89770252
KLIT,KORK,11.84004296,KLRF,21.89770252
KMEZ,KDEQ,58.29064234,KRKR,65.30892985
KLLQ,KPBF,61.82716434,KGLH,73.00309896
KBPK,KFLP,13.79862869,KHRO,62.455322
KM19,KBVX,43.6556033,KJBR,52.47639577
KORK,KLIT,11.84004296,KLRF,13.32421663
KPBF,KSGT,57.8184877,KLLQ,61.82716434
KROG,KVBT,10.49038593,KXNA,20.53605523
KRUE,KCXW,55.69907014,KCCA,69.27376046
KSRC,KLRF,49.73891142,KBVX,57.91093941
KSLG,KXNA,19.23826144,KVBT,29.68885006
KASG,KFYV,19.58681112,KXNA,20.50519308
KSGT,KPBF,57.8184877,KLIT,61.06885946
KTXK,KDEQ,76.01306541,K4O4,94.99453234
KARG,K4M9,39.79730288,KJBR,41.1120256
KAWM,KM01,17.94689491,KMEM,25.61283677
KPHX,KSDL,22.63869472,KCHD,25.87032897
KTUS,KDMA,7.723544729,KRYN,22.51667056
KA39,KCGZ,14.68847744,KCHD,32.52456728
KBXK,KGYR,28.79958807,KLUF,30.79196626
KIFP,KEED,43.86543973,KIGM,57.63902425
KCGZ,KA39,14.68847744,KP08,31.79648159
KIWA,KCHD,15.12506355,KFFZ,18.31320895
KCHD,KIWA,15.12506355,KFFZ,22.66693525
KAZC,KKNB,43.27684039,KSGU,44.88821446
KP08,KCGZ,31.79648159,KA39,46.26130634
KDMA,KTUS,7.723544729,KRYN,27.62120385
KDUG,KFHU,71.75608916,KOLS,118.1516172
KFLG,KSEZ,33.95186954,KCMR,51.04389182
KFHU,KOLS,51.00043858,KDUG,71.75608916
KGXF,KBXK,59.28282471,KGYR,67.31604886
KGEU,KLUF,8.20678806,KGYR,13.82783628
KLGF,KNYL,29.89119598,KBLH,89.51133763
KLUF,KGEU,8.20678806,KGYR,12.52621431
KGYR,KLUF,12.52621431,KGEU,13.82783628
KGCN,K40G,33.55870177,KCMR,72.05329306
K40G,KGCN,33.55870177,KCMR,38.59657023
KIGM,KIFP,57.63902425,KEED,83.06132796
KHII,KEED,32.53394835,KIFP,67.74834752
KFFZ,KIWA,18.31320895,KCHD,22.66693525
KOLS,KFHU,51.00043858,KTUS,78.00263811
KPGA,KKNB,96.67725876,KBCE,106.429817
KPAN,KSEZ,77.59577535,KSDL,88.0496401
KDVT,KSDL,17.50198856,KGEU,26.59953965
KPRC,KSEZ,61.64173454,KCMR,75.25543141
KSAD,KLSB,105.6613829,KDMA,139.828343
KSDL,KDVT,17.50198856,KPHX,22.63869472
KSEZ,KFLG,33.95186954,KPRC,61.64173454
KSOW,KTYL,23.10790602,KSJN,64.15803627
KJTC,KSJN,43.72526874,KSOW,65.78373271
KSJN,KJTC,43.72526874,KSOW,64.15803627
KTYL,KSOW,23.10790602,KSJN,67.85309263
KAVQ,KRYN,30.00694333,KDMA,41.50099811
KRYN,KTUS,22.51667056,KDMA,27.62120385
KCMR,K40G,38.59657023,KFLG,51.04389182
KRQE,KGUP,29.62859959,KGNT,118.5452381
KINW,KTYL,84.20824371,KFLG,87.23277108
KNYL,KLGF,29.89119598,KCXL,84.91629637
KBDR,KHVN,22.91551861,KOXC,35.04534276
KSNC,KMMK,30.3098906,KHVN,34.50515198
KDXR,KOXC,31.28680367,KBDR,37.68574097
KGON,KWST,20.29459378,KMTP,30.05546634
KHFD,KBDL,22.6679393,KMMK,29.4420739
KMMK,KOXC,25.68045259,KHVN,27.6593441
KHVN,KBDR,22.91551861,KMMK,27.6593441
KOXC,KMMK,25.68045259,KDXR,31.28680367
KIJD,KHFD,38.92984912,KBDL,47.29813605
KBDL,KHFD,22.6679393,KBAF,24.48957704
KDOV,K33N,14.96851008,KRJD,38.84661912
K33N,KDOV,14.96851008,KRJD,36.12246516
KGED,KSBY,40.95012878,KOXB,46.8191447
KILG,KOQN,34.68990288,KPHL,37.90310793
PHBK,PHLI,46.27540246,PHHI,190.2872975
PHSF,PHKO,51.50284604,PHTO,53.13218783
PHHN,PHOG,44.71875405,PHJH,70.94746197
PHIK,PHNL,2.981694739,PHJR,12.97933439
PHTO,PHSF,53.13218783,PHKO,104.4334662
PHNL,PHIK,2.981694739,PHJR,15.1727517
PHOG,PHJH,26.23172721,PHHN,44.71875405
PHKO,PHSF,51.50284604,PHTO,104.4334662
PHJR,PHIK,12.97933439,PHNL,15.1727517
PHLU,PHMK,14.20297433,PHJH,41.66829009
PHNG,PHNL,21.68426085,PHIK,22.64331371
PHJH,PHOG,26.23172721,PHNY,34.97019127
PHNY,PHJH,34.97019127,PHMK,43.52806336
PHLI,PHBK,46.27540246,PHHI,145.2844531
PMDY,PHBK,1897.695036,PHLI,1941.651627
PHMK,PHLU,14.20297433,PHNY,43.52806336
PHHI,PHIK,18.68693298,PHJR,19.67251256
KAXA,KEST,53.09387313,KFXY,55.37154916
KAMW,KBNW,19.72153169,KIKV,33.73908862
KIKV,KDSM,19.26002367,KAMW,33.73908862
KAIO,KHNR,31.33813188,KADU,34.35225014
KADU,KAIO,34.35225014,KHNR,37.17606938
KBNW,KAMW,19.72153169,KPRO,35.69870713
KBRL,KFSW,21.92981119,KMPZ,37.16909552
KCIN,KADU,39.85590948,KDNS,49.33186017
KCID,KIOW,30.51097655,KVTI,45.33612063
KTVK,KCNC,53.6828589,KOTM,60.3723645
KCNC,KI75,27.91434061,KOXV,37.26010069
KCCY,KMCW,59.24501631,KALO,59.83761256
KCKP,KSLB,29.79196678,KORC,50.33676996
KICL,KSDA,32.79928825,KRDK,37.63092323
KCAV,KEBS,35.12188671,KFOD,41.30920866
KCWI,KSFY,30.07806527,KDVN,32.70840911
KCBF,KOMA,12.18097469,KOFF,20.17506672
KCSQ,KI75,56.6003585,KICL,64.94971839
KDVN,KMLI,19.26189111,KCWI,32.70840911
KDEH,KFKA,57.03816106,KPDC,57.50289649
KDNS,KHNR,44.83010521,KCIN,49.33186017
KDSM,KIKV,19.26002367,KAMW,51.04244564
KDBQ,KPVB,38.63855659,KMXO,42.42823492
KEST,KMJQ,33.20263635,KFRM,37.45484582
KFFL,KAWG,35.69992868,KOTM,39.81565365
KFXY,KMCW,25.22850634,KAEL,53.83522466
KFOD,KEBS,29.45498949,KCAV,41.30920866
KFSW,KBRL,21.92981119,KEOK,23.72984946
KGGI,KTNU,24.12592848,KPEA,38.5950766
KHPT,KIFA,28.34804334,KCAV,43.54742877
KHNR,KAIO,31.33813188,KADU,37.17606938
KIIB,KOLZ,25.35931,KVTI,26.91178959
KIOW,KCID,30.51097655,KAWG,41.73662821
KIFA,KHPT,28.34804334,KMIW,49.24165791
KEOK,KFSW,23.72984946,KBRL,44.11692085
KOXV,KPEA,17.97369218,KCNC,37.26010069
KLRJ,KSXK,23.25877571,KORC,25.90415377
KMIW,KGGI,47.35100169,KIFA,49.24165791
KMCW,KFXY,25.22850634,KHPT,49.02022747
KSXK,KORC,8.035547441,KLRJ,23.25877571
KMXO,KDBQ,42.42823492,KCID,58.62454213
KMPZ,KFSW,35.4970622,KBRL,37.16909552
KMUT,KIOW,44.84250886,KAWG,45.02840423
KTNU,KGGI,24.12592848,KPEA,31.14635505
KOLZ,KIIB,25.35931,KALO,37.45786861
KORC,KSXK,8.035547441,KLRJ,25.90415377
KI75,KCNC,27.91434061,KDSM,53.61973909
KOOA,KOTM,13.82571647,KPEA,42.41541657
KOTM,KOOA,13.82571647,KFFL,39.81565365
KPEA,KOXV,17.97369218,KTNU,31.14635505
KPRO,KBNW,35.69870713,KAMW,48.11713113
KRDK,KSDA,31.55892259,KICL,37.63092323
KSHL,KORC,30.57868929,KSXK,36.35622486
KSDA,KRDK,31.55892259,KICL,32.79928825
KSUX,KLRJ,45.0260251,KLCG,52.21537497
KSPW,KEST,45.69679173,KSHL,51.34772576
KSLB,KCKP,29.79196678,KSPW,63.25629535
KVTI,KIIB,26.91178959,KCID,45.33612063
KAWG,KFFL,35.69992868,KMPZ,39.08022206
KALO,KOLZ,37.45786861,KIIB,38.85310025
KEBS,KFOD,29.45498949,KCAV,35.12188671
KBOI,KEUL,34.35326424,KMUO,64.50048177
K65S,KSZT,51.26426925,KS59,77.02427402
KBYI,KTWF,59.07488378,KJER,59.65800382
KEUL,KBOI,34.35326424,KONO,51.88085416
KLLJ,KSMN,71.89885549,KSUN,113.4348124
KCOE,KSFF,38.97294579,KDEW,50.0716895
KDIJ,KJAC,32.61801332,KRXE,57.65703945
KSUN,KJER,87.4579856,KLLJ,113.4348124
KIDA,KRXE,41.45148252,KPIH,79.57881287
KJER,KTWF,27.34954483,KBYI,59.65800382
KLWS,KPUW,41.71266288,KALW,102.7281595
KMLD,KLGU,55.63731029,KBMC,71.01471405
KMYL,KONO,120.7982726,KBKE,134.7375094
KMUO,KBOI,64.50048177,KEUL,90.79071789
K1U7,KU78,48.14162241,KAFO,60.9639905
KPIH,KIDA,79.57881287,KMLD,86.1947373
KRXE,KIDA,41.45148252,KDIJ,57.65703945
KSMN,KLLJ,71.89885549,KDLN,105.0923252
KU78,K1U7,48.14162241,KAFO,52.72733867
KTWF,KJER,27.34954483,KBYI,59.07488378
KSZT,K65S,51.26426925,KCOE,61.51582754
KAID,KMIE,23.69044748,KMQJ,38.14437969
KANQ,KC62,23.71675939,KOEB,32.75801855
KGWB,KSMD,19.6573788,KC62,24.63923615
KBMG,K4I7,56.45536229,KBAK,63.4686345
KBAK,KGEZ,36.83824034,KHFY,43.92165152
KCFJ,K4I7,39.44914256,KFKR,44.9605805
KDCY,KLWV,41.87827526,KFRH,47.95925338
KEKM,KSBN,26.09894271,KGSH,27.67854044
KEVV,KEHR,28.81545061,KOWB,46.03521965
KFWA,KSMD,18.67564729,KHHG,26.07132845
KSMD,KFWA,18.67564729,KGWB,19.6573788
KFKR,KLAF,35.31254841,KTYQ,37.76279801
KFRH,KHNB,39.75541822,KDCY,47.95925338
KGYY,KIGQ,13.27231405,KCGX,31.45082119
KGSH,KEKM,27.67854044,KASW,28.26347521
K4I7,KCFJ,39.44914256,KIND,45.5021118
KHFY,KIND,20.25079716,KGEZ,24.77081481
KGUS,KOKK,15.47795647,KGGP,20.05533551
KHNB,KFRH,39.75541822,KDCY,52.47979543
KHHG,KFWA,26.07132845,KSMD,41.17715585
KTYQ,KEYE,22.5393025,KIND,35.04125445
KEYE,KIND,12.60949589,KTYQ,22.5393025
KIND,KEYE,12.60949589,KHFY,20.25079716
KMQJ,KHFY,28.95240243,KGEZ,29.713962
KJVY,KLOU,16.60375287,KSDF,21.23892015
KC62,KANQ,23.71675939,KGWB,24.63923615
KOXI,KPPO,27.56308351,KC65,30.64887853
KOKK,KGUS,15.47795647,KMZZ,32.34787848
KLAF,KFKR,35.31254841,KMCX,35.96468021
KPPO,KMGC,16.23132191,KVPZ,26.24538001
KGGP,KGUS,20.05533551,KMCX,33.03345551
KIMS,KJVY,49.7664269,KLOU,61.50163337
KMZZ,KOKK,32.34787848,KMIE,36.55330235
KMGC,KPPO,16.23132191,KVPZ,31.74232635
KMCX,KGGP,33.03345551,KLAF,35.96468021
KMIE,KAID,23.69044748,KMZZ,36.55330235
KC65,KOXI,30.64887853,KRCR,34.75367176
KPLD,KMIE,41.47522857,KVES,47.5326024
KRZL,KMCX,43.94046861,KIKK,57.35720798
KRID,KOXD,28.78118585,KMWO,45.83358652
KRCR,KC65,34.75367176,KASW,36.85293809
KGEZ,KHFY,24.77081481,KMQJ,29.713962
KSBN,KEKM,26.09894271,KPPO,37.83226719
KHUF,KPRG,41.56138364,K4I7,46.77066383
KVPZ,KPPO,26.24538001,KOXI,31.70664852
KASW,KGSH,28.26347521,KRCR,36.85293809
KDWU,KHTS,26.10957279,KPMH,33.18608029
KBRY,K6I2,30.30353532,KFTK,42.74413147
KBWG,K1M5,41.64177267,KGLW,42.05517216
KAAS,K6I2,31.17662178,KDVK,53.23773552
KCVG,KLUK,22.34852348,KI67,25.10191165
KDVK,KI39,39.35819723,K6I2,41.6151184
KK62,KLUK,44.43907222,KI69,44.47245303
KFGX,KIOB,57.59901078,KK62,59.13575091
KFTK,KSDF,36.20661321,KBRY,42.74413147
KFFT,KLEX,30.7729769,K27K,41.46888737
K27K,KLEX,26.61717128,KFFT,41.46888737
KGLW,KBWG,42.05517216,KTZV,43.03276483
KM21,K2I0,25.8449703,KOWB,57.15052305
KI35,K0VG,26.03353095,K1A6,43.64400606
KCPF,KJKL,23.56019703,KI35,59.26566596
KEHR,KEVV,28.81545061,KOWB,46.22411637
KHOP,KCKV,8.913227881,KM91,53.41826391
K6I2,KBRY,30.30353532,KAAS,31.17662178
KLEX,K27K,26.61717128,KFFT,30.7729769
KLOZ,KSME,47.22146036,K1A6,60.87737655
KLOU,KSDF,8.685651948,KJVY,16.60375287
KSDF,KLOU,8.685651948,KJVY,21.23892015
K2I0,KM21,25.8449703,KOWB,47.48543117
K5M9,KM30,58.61255028,K2I0,63.29197083
KM25,KCEY,22.1754962,KPAH,36.53341657
K1A6,KI35,43.64400606,K0VG,46.61638148
KEKQ,KSME,30.67194042,KSCX,50.56824448
KIOB,K27K,44.36408135,KLEX,54.89565755
KCEY,KM25,22.1754962,KPHT,36.30531977
KJKL,KCPF,23.56019703,KPBX,66.26896637
KOWB,KEVV,46.03521965,KEHR,46.22411637
KPAH,KM30,14.06208062,KM25,36.53341657
KPBX,KLNP,63.94028594,KCPF,64.37155716
KI39,KDVK,39.35819723,KLEX,51.11203292
KSME,KEKQ,30.67194042,KLOZ,47.22146036
KTZV,KGLW,43.03276483,K8A3,46.56094885
KBED,KBOS,26.09394101,KLWM,30.64837746
KBVY,KLWM,22.47299673,KBOS,25.51136621
KBOS,KOWD,23.74524217,KNZW,24.58832805
KCQX,KHYA,24.25241196,KFMH,44.32684584
KCEF,KBAF,15.43316484,KBDL,31.09911698
KFMH,KHYA,20.07861496,KMVY,30.43814105
KFIT,KASH,32.23567833,KORH,33.29878482
KHYA,KFMH,20.07861496,KCQX,24.25241196
KLWM,KBVY,22.47299673,KBED,30.64837746
KGHG,KPYM,21.56250838,KNZW,22.73537956
KMVY,KFMH,30.43814105,KHYA,41.42121634
KACK,KCQX,48.7601594,KMVY,48.81969776
KEWB,KTAN,22.59881076,KUUU,31.36473326
KAQW,KDDH,22.59505945,KPSF,31.55967021
KOWD,KNZW,19.79918613,KBOS,23.74524217
KORE,KAFN,35.03905912,KEEN,36.53424143
KPSF,KAQW,31.55967021,K1B1,37.45939162
KPYM,KGHG,21.56250838,KTAN,24.13141305
KPVC,KGHG,37.31759477,KHYA,45.03282246
KNZW,KOWD,19.79918613,KGHG,22.73537956
KTAN,KEWB,22.59881076,KPYM,24.13141305
KBAF,KCEF,15.43316484,KBDL,24.48957704
KORH,KFIT,33.29878482,KORE,47.77470579
KAPG,KMTN,26.21655089,KILG,53.67594254
KADW,KW32,8.990816024,KDCA,15.48283806
KMTN,KAPG,26.21655089,KBWI,27.55950889
KBWI,KFME,12.72402351,KMTN,27.55950889
KCGE,KESN,29.64550619,KNHK,43.56057875
KDMW,KTHV,36.20533997,KFDK,37.92974164
KW32,KADW,8.990816024,KDCA,14.6919337
KCGS,KDCA,17.43070341,KFME,18.26973414
KCBE,K2G4,49.71900991,K2G9,51.85598755
KESN,KRJD,25.45772219,KCGE,29.64550619
KFME,KBWI,12.72402351,KCGS,18.26973414
KFDK,KRSP,26.66746445,KGAI,33.0113344
KGAI,KCGS,29.63395589,KFDK,33.0113344
K2G4,KCBE,49.71900991,KMGW,49.90630754
KHGR,KRSP,23.34846104,KMRB,40.44802928
KRSP,KHGR,23.34846104,KFDK,26.66746445
KOXB,KSBY,33.86365274,KGED,46.8191447
KNHK,K2W6,12.50373735,KNUI,15.81994662
KRJD,KESN,25.45772219,K33N,36.12246516
KSBY,KOXB,33.86365274,KGED,40.95012878
K2W6,KNHK,12.50373735,KNUI,21.86586235
KNUI,KNHK,15.81994662,K2W6,21.86586235
KLEW,KNHZ,32.61734706,KPWM,44.78177578
KAUG,KWVL,25.54228393,KIWI,40.50899568
KBGR,KOLD,20.20516049,KBHB,54.24675941
KBHB,KBGR,54.24675941,KOLD,61.13069678
KNHZ,KIWI,19.66686096,KLEW,32.61734706
KCAR,KPQI,20.39610066,KFVE,51.16501861
KB21,KWVL,74.76656381,KAUG,91.25791151
KEPM,KBHB,118.2771433,KOLD,130.8860217
KFVE,KCAR,51.16501861,KPQI,69.37296301
KIZG,KCWN,13.35713693,KLEW,53.5073178
KHUL,KPQI,65.84042267,KCAR,84.99386544
KMLT,KOLD,77.28546515,KHUL,87.04035958
KOLD,KBGR,20.20516049,KBHB,61.13069678
KPWM,KNHZ,40.42645484,KSFM,42.66706232
KPQI,KCAR,20.39610066,KHUL,65.84042267
KRKD,KIWI,50.2679626,KAUG,62.74558643
KSFM,KDAW,21.66500223,KPSM,36.35812325
KWVL,KAUG,25.54228393,KIWI,63.64992579
KIWI,KNHZ,19.66686096,KAUG,40.50899568
KABI,KDYS,16.24532439,KGZN,62.000674
KALI,KNOG,17.97956184,KIKG,21.13076449
KE38,KMRF,31.88000526,KFST,94.28776157
KAMA,KBGD,60.54028054,KHRX,69.30214791
KE11,KGNC,40.05219666,KODO,47.59032561
KLBX,KBYY,41.82224854,KAXH,44.22313238
KGKY,KGPM,5.894210847,KRBD,21.24711024
KF44,KPSN,44.23565006,KTYR,45.3030713
KEDC,KT74,22.74285878,KAUS,24.09337189
KAUS,KEDC,24.09337189,KHYI,39.02808759
KBYY,KLBX,41.82224854,KARM,42.12957828
KBMT,KBPT,23.02748278,KORG,39.92048931
KBPT,KBMT,23.02748278,KORG,24.92452273
KBEA,KT69,43.37134936,K2R9,52.00698825
KE41,KOZA,57.62025474,KSJT,94.51115152
KBPG,KMDD,57.93367749,KMAF,70.75891161
KF00,KDUA,41.68939215,KGYI,47.12199624
KBGD,KPPA,37.2629011,KDUX,58.50513631
K0F2,KLUD,42.62733245,KXBP,47.66615989
KBBD,KCOM,73.97572646,KBWD,76.67799187
KBKD,KETN,34.81187359,KGZN,41.03125727
K11R,KCLL,41.11000845,KRWV,45.69601136
KXBP,KLUD,24.68149538,K0F2,47.66615989
KBRO,KPIL,29.93109856,KHRL,42.43241764
KBWD,KMKN,36.32376251,KCOM,42.57408012
KCFD,KCLL,14.46876731,KLHB,32.75415846
KBMQ,KDZB,26.20487894,KRYW,37.10891211
KRWV,KCLL,33.58494194,KLHB,40.38536802
KT35,KLHB,33.30858595,KRWV,47.84392254
KHHF,KPPA,61.96113396,KPYX,65.48793553
KCZT,KCOT,59.40864319,KUVA,77.01945576
K4F2,KASL,38.30466678,KF17,40.59189857
KCVB,KSKF,26.56576302,KHDO,31.63741396
KNGP,KCRP,22.41509376,KRAS,23.91602185
KF17,K4F2,40.59189857,K3F3,45.64727267
KCDS,KAXS,91.76931679,KF05,95.06993509
KGZN,KETN,20.72424554,KBKD,41.03125727
KLBR,KPRX,36.1781843,K4O4,39.90783951
KCPT,KFWS,26.29501433,KGDJ,37.36100071
K6R3,KCXO,39.00732084,KIAH,52.32805032
KCOM,KBWD,42.57408012,KGZN,68.59268379
KCLL,KCFD,14.46876731,KRWV,33.58494194
K66R,KELA,19.27653537,K3T5,51.35131897
KMKN,KBWD,36.32376251,KMNZ,50.9993608
KCXO,KDWH,34.87818484,K6R3,39.00732084
KCRP,KRBO,18.64589964,KNGP,22.41509376
KCRS,KLXY,44.50220888,KF44,55.97299567
KCOT,KCZT,59.40864319,KPEZ,87.89233264
KDKR,KPSN,59.87066702,KLFK,62.66588411
KDHT,KDUX,51.44403025,KCAO,72.87581835
KADS,KDAL,13.58666669,KDFW,20.43848632
KDFW,KDAL,18.2467695,KADS,20.43848632
KDAL,KADS,13.58666669,KDFW,18.2467695
KRBD,KGPM,16.84077835,KLNC,17.97485549
KLUD,KXBP,24.68149538,KDTO,36.08844673
KDRT,KDLF,14.53123002,KT70,52.41780439
KDTO,KAFW,26.23227013,KLUD,36.08844673
K6R6,KFST,117.856949,KOZA,123.5280783
KDUX,KDHT,51.44403025,KBGD,58.50513631
KDYS,KABI,16.24532439,KSWW,57.70048559
KELA,K66R,19.27653537,KARM,41.78417237
KETN,KGZN,20.72424554,KBKD,34.81187359
KEBG,KMFE,31.70333749,KT65,32.9130151
KELP,KBIF,4.7074661,K5T6,31.95983454
KBKS,KIKG,39.28722755,KNQI,45.41081591
KBIF,KELP,4.7074661,K5T6,30.89166438
KFST,KPEQ,76.80555623,KE38,94.28776157
KFWS,KGKY,22.83482047,KNFW,25.89344702
KFTW,KNFW,9.291329308,KAFW,19.09688423
KNFW,KFTW,9.291329308,KFWS,25.89344702
KT82,KERV,34.15229624,K5C1,61.33120246
KHLR,KILE,6.457969889,KGRK,13.4852074
KAFW,KFTW,19.09688423,KDTO,26.23227013
KGLE,KGYI,48.91901686,KDTO,50.11593587
KGLS,KLVJ,46.66709554,KEFD,47.76201423
KGOP,KHLR,32.38697514,KILE,38.75641769
KGTU,KT74,25.36121891,KEDC,32.86529263
KGYB,K3T5,29.1983372,KRWV,46.7216002
KJXI,KGGG,41.49764528,KOSA,44.10448451
KT20,KSEQ,43.13854587,KHYI,55.82536997
KRPH,KBKD,53.61095225,KMWL,58.90128361
KGDJ,KCPT,37.36100071,KSEP,42.40432308
KGPM,KGKY,5.894210847,KRBD,16.84077835
KGRK,KHLR,13.4852074,KILE,13.71865563
KGVT,KF46,37.74425771,KSLR,42.61671071
KMNZ,KGOP,43.01073645,KMKN,50.9993608
KHRL,KPIL,31.55005009,KT65,32.29527673
KLHB,KCFD,32.75415846,KT35,33.30858595
KHBV,KBKS,62.89610634,KAPY,66.01377399
KRFI,KGGG,29.99440556,KJSO,45.89683081
KHRX,KAMA,69.30214791,KCVN,84.0258124
KINJ,KCPT,43.65163874,KJWY,45.19358338
KHDO,KCVB,31.63741396,KUVA,57.39664547
KDZB,KBMQ,26.20487894,KRYW,37.41880659
KDWH,KIAH,22.09775077,KIWS,29.44415464
KEFD,KT41,11.45048638,KHOU,12.35766997
KTME,KIWS,21.77142096,KSGR,31.08383086
KHOU,KEFD,12.35766997,KLVJ,14.25061476
KIAH,KDWH,22.09775077,KIWS,36.88854908
KLVJ,KEFD,12.50456608,KHOU,14.25061476
KAXH,KSGR,21.64932013,KLVJ,22.78291851
KSGR,KAXH,21.64932013,KIWS,21.83848197
KUTS,KCXO,46.94260402,KDKR,64.68524118
KTFP,KRAS,16.49625433,KRKP,25.33746107
KJSO,KRFI,45.89683081,KPSN,47.25282312
KJAS,KDRI,66.61133489,K5R8,72.98048762
KJCT,KECU,74.12183175,KSOA,85.19926908
KSKF,KSSF,11.88228298,KSAT,19.81076777
K2R9,KBEA,52.00698825,KPEZ,65.30956601
KERV,KT82,34.15229624,K5C1,47.04099706
KCWC,KSPS,14.56724147,KFDR,71.30413128
KILE,KHLR,6.457969889,KGRK,13.71865563
KIKG,KALI,21.13076449,KNQI,22.3460463
KNQI,KIKG,22.3460463,KRBO,32.3716176
KRYW,KGTU,34.22977989,KBMQ,37.10891211
K3T5,KGYB,29.1983372,K66R,51.35131897
K2F5,KGNC,68.8577212,KBPG,71.05334406
KLZZ,KGRK,35.21561744,KBMQ,41.04451984
KLNC,KRBD,17.97485549,KJWY,22.54651428
KT41,KEFD,11.45048638,KHOU,20.91552269
KLRD,KAPY,67.30534056,KHBV,74.6923005
KT70,K5T9,29.11672836,KDLF,39.90929687
KDLF,KDRT,14.53123002,KT70,39.90929687
KAQO,KDZB,40.69178792,KBMQ,40.761673
KGGG,KRFI,29.99440556,KASL,40.80734072
KLBB,KPVW,56.94381967,K2F5,101.2898182
KLFK,KOCH,38.44363495,KDKR,62.66588411
KMRF,KE38,31.88000526,KPRS,88.28336401
KASL,K4F2,38.30466678,KGGG,40.80734072
K5T9,KT70,29.11672836,KDLF,61.09259545
KMFE,KT65,26.43167477,KEBG,31.70333749
KPWG,KACT,16.24667579,KCNW,28.85406238
KTKI,KF46,31.06182519,KADS,32.65910465
KHQZ,KF46,22.25732127,KTRL,24.95811939
KLXY,KCRS,44.50220888,KCNW,52.88401836
KMDD,KMAF,14.14182195,KODO,29.8962613
KMAF,KMDD,14.14182195,KODO,17.62702001
KJWY,KLNC,22.54651428,KRBD,25.0522869
KJDD,KTYR,44.0468379,KSLR,47.86865354
KMWL,KGDJ,43.87683175,KXBP,48.82609029
KOSA,KJXI,44.10448451,KLBR,56.14839951
KOCH,KLFK,38.44363495,KJSO,57.93793016
KBAZ,KSEQ,20.13282324,KHYI,27.14635952
KODO,KMAF,17.62702001,KMDD,29.8962613
KNOG,KALI,17.97956184,KRBO,38.04135972
KORG,KBPT,24.92452273,KBMT,39.92048931
KOZA,KSOA,55.53997124,KE41,57.62025474
KPSX,KPKV,42.76077164,KBYY,46.59724742
KPSN,KF44,44.23565006,KJSO,47.25282312
KPPA,KBGD,37.2629011,KHHF,61.96113396
KPRX,KLBR,36.1781843,KHHW,45.07036558
KPEQ,KINK,53.03803859,KFST,76.80555623
KPYX,KHHF,65.48793553,KLBL,72.60379107
KPVW,KLBB,56.94381967,KHRX,94.84166499
KPEZ,KSSF,42.82938645,KSKF,48.18030598
KRAS,KTFP,16.49625433,KNGP,23.91602185
KPIL,KBRO,29.93109856,KHRL,31.55005009
KPKV,KVCT,31.97480314,KPSX,42.76077164
KPRS,KMRF,88.28336401,KE38,105.8780962
KRND,KSAT,18.47499968,KSSF,28.38260975
KRBO,KCRP,18.64589964,KNQI,32.3716176
KRKP,KTFP,25.33746107,KRAS,30.88519932
KECU,KJCT,74.12183175,KSOA,84.41799349
KF46,KHQZ,22.25732127,KTRL,29.20278512
KSJT,KSOA,87.07315525,KE41,94.51115152
KSAT,KRND,18.47499968,KSKF,19.81076777
KHYI,KBAZ,27.14635952,KSEQ,36.61192542
K5C1,KSAT,30.32162591,KSKF,39.33614904
KSSF,KSKF,11.88228298,KSAT,21.87252572
KSEQ,KBAZ,20.13282324,KRND,36.07323099
KGNC,KE11,40.05219666,KHOB,53.08613479
KGYI,KDUA,36.17977078,KF00,47.12199624
KT69,KCRP,30.16223877,KRBO,32.43638436
KSNK,KSWW,51.50509246,KBPG,75.57769269
KSOA,KOZA,55.53997124,KECU,84.41799349
KSEP,KGDJ,42.40432308,KMKN,51.84139346
KSLR,KGVT,42.61671071,KJDD,47.86865354
KSWW,KSNK,51.50509246,KDYS,57.70048559
KT74,KEDC,22.74285878,KGTU,25.36121891
KTPL,KILE,27.54772882,KHLR,29.22807917
KTRL,KHQZ,24.95811939,KF46,29.20278512
KTYR,KJDD,44.0468379,KF44,45.3030713
KUVA,KHDO,57.39664547,KT70,71.55522893
KVHN,KMRF,106.0553957,KPEQ,126.3171011
KF05,KFDR,30.92439866,KLTS,49.10631986
KVCT,KPKV,31.97480314,KPSX,66.51892266
KACT,KCNW,15.24566495,KPWG,16.24667579
KCNW,KACT,15.24566495,KPWG,28.85406238
KT65,KMFE,26.43167477,KHRL,32.29527673
KIWS,KTME,21.77142096,KSGR,21.83848197
KARM,KELA,41.78417237,KBYY,42.12957828
KSPS,KCWC,14.56724147,KFDR,60.66182531
KINK,KPEQ,53.03803859,KODO,78.4660108
KAPY,KHBV,66.01377399,KLRD,67.30534056
KASJ,KIXA,41.75863426,KFKN,50.53957264
KVUJ,KHBI,35.1597148,KRUQ,42.04177649
KRHP,KDZJ,39.73473421,K1A5,40.45333149
KHBI,KVUJ,35.1597148,K5W8,35.70268683
KAVL,KFQD,54.97562117,K24A,61.99612405
KMRH,KNKT,27.38222862,KNJM,34.0780656
KNJM,KNKT,27.07388193,KMRH,34.0780656
KTNB,KGEV,33.06886119,KMRN,42.37410989
KBUY,KSCR,38.34288976,K5W8,38.36426532
KIGX,KRDU,25.87406209,KBUY,38.90075882
KCLT,KAKH,18.83133117,KUZA,27.20989714
KNKT,KEWN,24.17760407,KNJM,27.07388193
KCTZ,KDPL,34.98838577,KEYF,45.95700082
KJQF,KCLT,28.7125917,KRUQ,33.40137491
KONX,KECG,20.9184733,KNFE,34.23499026
KEXX,KRUQ,24.6591488,KHBI,39.52549532
KEDE,KECG,43.73595682,KASJ,61.95281974
KECG,KONX,20.9184733,KEDE,43.73595682
KEYF,KCPC,38.63118379,KLBT,43.94920579
K7W6,K2DP,12.96328716,KMQI,46.06117754
KHRJ,KFBG,33.16731937,KPOB,34.50387329
KFAY,KFBG,16.4553856,KPOB,23.41777444
KFBG,KPOB,8.302854692,KFAY,16.4553856
KAKH,KCLT,18.83133117,KUZA,25.32980765
KGSB,KGWW,13.48253653,KISO,31.92430798
KGWW,KGSB,13.48253653,KISO,35.33009091
KGSO,KINT,25.88307595,KSIF,38.52429004
KIXA,KRZZ,13.88348781,KASJ,41.75863426
KHSE,K7W6,47.7336172,K2DP,54.92514508
KHNZ,KW63,26.18792798,KLHZ,41.63686318
KHKY,KMRN,21.86386256,KIPJ,35.31734588
KHFF,KSOP,24.46787634,KRCZ,28.71923234
KOAJ,KNCA,20.69815704,KDPL,38.68861948
KGEV,KTNB,33.06886119,KUKF,37.04311295
KDPL,KCTZ,34.98838577,KGSB,37.7773343
KFFA,KMQI,11.24361804,K2DP,43.86361481
KISO,KGSB,31.92430798,KGWW,35.33009091
KIPJ,KAKH,31.22964652,KHKY,35.31734588
KLHZ,KHNZ,41.63686318,KRWI,43.61809148
KLBT,KMEB,34.55585956,KEYF,43.94920579
K1A5,K24A,21.71341894,KRHP,40.45333149
KMQI,KFFA,11.24361804,K2DP,33.2682079
KMEB,KHFF,29.73051745,KLBT,34.55585956
KEQY,KCLT,36.5197607,KLKR,39.24075628
KMRN,KHKY,21.86386256,KTNB,42.37410989
KMWK,KHLX,41.76240319,KINT,46.83989652
KEWN,KNKT,24.17760407,KNJM,42.56051043
KNCA,KOAJ,20.69815704,KNJM,37.53475298
KPGV,KOCW,31.17412367,KETC,36.58702705
KPOB,KFBG,8.302854692,KFAY,23.41777444
KRDU,KIGX,25.87406209,KTTA,43.21778039
KSIF,KMTV,26.19906818,KGSO,38.52429004
KRZZ,KIXA,13.88348781,KEMV,34.14653804
KRCZ,KCQW,26.80264947,KHFF,28.71923234
KRWI,KETC,32.37483072,KLHZ,43.61809148
KTDF,KIGX,39.59332204,KHNZ,41.64549556
KFQD,KEHO,35.87013163,KMRN,52.49737691
KRUQ,KEXX,24.6591488,KJQF,33.40137491
KTTA,KSCR,38.48393989,K5W8,38.84122363
KEHO,KFQD,35.87013163,KAKH,41.39460915
K5W8,KSCR,0.379610645,KHBI,35.70268683
KSCR,K5W8,0.379610645,KHBI,36.07742683
KJNX,KHRJ,35.8596532,KGWW,39.53072924
KSOP,KHFF,24.46787634,KPOB,34.84890729
KSUT,KILM,41.13678708,KCRE,61.32037374
KSVH,KIPJ,36.53314809,KHKY,39.40022441
K2DP,K7W6,12.96328716,KMQI,33.2682079
K24A,K1A5,21.71341894,KRHP,60.83767343
KETC,KRWI,32.37483072,KPGV,36.58702705
KAFP,KRCZ,32.31069981,KCQW,35.92649606
KOCW,KPGV,31.17412367,KEWN,55.32274332
KCPC,KEYF,38.63118379,KLBT,49.00714864
KUKF,KGEV,37.04311295,KTNB,49.56185466
KILM,KSUT,41.13678708,KNCA,64.57371294
KINT,KGSO,25.88307595,KEXX,39.89268131
KAFO,KU78,52.72733867,K46U,53.26518433
K46U,KJAC,53.0328405,KAFO,53.26518433
KBPI,KPNA,34.12780029,KAFO,69.39613823
KBYG,KSHR,47.74876713,KGCC,94.10771993
KCPR,KDGW,88.73450455,KRWL,136.686486
KCYS,K82V,57.09940279,KLAR,74.23130116
KCOD,KPOY,42.68714554,KU68,63.26233505
KU68,KPOY,27.98045775,KGEY,52.37099953
KDGW,KLSK,80.21364101,KCPR,88.73450455
KEVW,KFBR,54.02714115,KEMM,72.88989754
KFBR,KEMM,49.65037321,KEVW,54.02714115
KGCC,KW43,84.54739608,KBYG,94.10771993
KGEY,KU68,52.37099953,KWRL,62.17540197
KW43,KEFC,56.36204814,KSPF,65.41261952
KJAC,KDIJ,32.61801332,K46U,53.0328405
KEMM,KFBR,49.65037321,KEVW,72.88989754
KLND,KRIW,35.35079046,KPNA,87.88800307
KLAR,KCYS,74.23130116,K33V,80.00120895
KLSK,KTOR,79.38983728,KDGW,80.21364101
KECS,KCUT,58.66155626,KSPF,78.71304132
K82V,KIBM,38.11355986,KCYS,57.09940279
KPNA,KBPI,34.12780029,KLND,87.88800307
KPOY,KU68,27.98045775,KCOD,42.68714554
KRWL,KSAA,50.84636801,KCPR,136.686486
KRIW,KLND,35.35079046,KHSG,72.43322619
KRKS,KFBR,114.0134051,KEMM,126.460566
KSAA,KRWL,50.84636801,K33V,90.06017138
KSHR,KBYG,47.74876713,KGEY,91.66492155
KHSG,KWRL,44.98557846,KRIW,72.43322619
KTOR,KBFF,50.6874479,KEAN,64.07112097
KEAN,KTOR,64.07112097,KLSK,88.76984158
KWRL,KHSG,44.98557846,KGEY,62.17540197
KAIG,KRRL,47.46335158,KAUW,47.81027878
KATW,KOSH,30.58372542,KGRB,39.94454735
KASX,K4R5,29.37657463,KIWD,60.28677745
KGRB,KATW,39.94454735,KOCQ,46.6314671
KBCK,KCMY,33.83771686,KLSE,52.31470243
KOVS,KPDC,39.62478239,KLNR,40.4506608
KBUU,K57C,13.07916926,KENW,32.57990815
KY23,KRPD,16.50420503,KUBE,34.9081698
KCLI,KEZS,23.58722175,KPCZ,38.68868815
KUBE,KRPD,18.86085262,KY23,34.9081698
KDLL,KC35,17.17670241,K82C,45.91299875
KEGV,KLNL,25.03056171,KARV,35.78084318
K57C,KBUU,13.07916926,KUES,29.26877792
KEAU,KLUM,30.36794503,KY23,50.40130796
KFLD,KOSH,24.33633169,KUNU,42.0404477
KHYR,KOLG,43.10443331,KRCX,68.09860752
KJVL,KEFT,44.91047574,KRFD,47.46672569
KUNU,KRYV,28.62287581,KFLD,42.0404477
KENW,KUGN,19.90745146,KRAC,20.51702991
KLSE,KONA,42.32567993,KCMY,42.47918025
KRCX,KPBH,52.16344101,KY23,53.96682298
KLNL,KEGV,25.03056171,KARV,47.28223574
K4R5,KASX,29.37657463,KIWD,55.99546925
KLNR,KMRJ,36.39875016,KC35,38.44259859
KMSN,KC29,15.99920489,KRYV,49.94014557
KMTW,KSBM,42.21675664,KGRB,53.34891458
KD25,KARV,24.54530865,KIWD,48.97876412
KMFI,KISW,41.44740368,KCWA,44.15608663
K82C,KVOK,14.50350539,KC35,36.93388546
KMDZ,KRRL,47.56193662,KMFI,52.38167494
KLUM,KEAU,30.36794503,KY23,49.48614418
KRRL,KTKV,30.90849378,KAUW,31.07082472
KC29,KMSN,15.99920489,KDLL,49.34744578
KMKE,KMWC,21.32561087,KRAC,21.7840503
KMWC,KUES,18.18248471,KMKE,21.32561087
KMRJ,KPVB,27.75678539,KLNR,36.39875016
KARV,KD25,24.54530865,KEGV,35.78084318
KEFT,KFEP,41.00315643,KJVL,44.91047574
KCWA,KAUW,16.82485494,KSTE,28.00615418
KRNH,KOEO,21.64163159,K21D,30.05257687
KOCQ,KMNM,35.25629735,KSUE,38.62102174
KOEO,KRNH,21.64163159,K21D,37.04620443
KOSH,KFLD,24.33633169,KATW,30.58372542
KPBH,KRCX,52.16344101,KTKV,53.55508621
KPVB,KMRJ,27.75678539,KDBQ,38.63855659
KPDC,KOVS,39.62478239,KDEH,57.50289649
KRAC,KENW,20.51702991,KMKE,21.7840503
KC35,KDLL,17.17670241,K82C,36.93388546
KRHI,KTKV,31.91274661,KEGV,36.87251396
KRPD,KY23,16.50420503,KUBE,18.86085262
KEZS,KCLI,23.58722175,KGRB,47.76257884
KSBM,KMTW,42.21675664,KETB,44.58691256
KRZN,KUBE,46.53173362,KROS,47.11969556
KOLG,KHYR,43.10443331,KSUW,46.81385971
KCMY,KBCK,33.83771686,KVOK,38.84626406
KSTE,KCWA,28.00615418,KISW,31.98604074
KSUE,KMNM,35.79426394,KOCQ,38.62102174
KSUW,KDYT,5.302930493,KDLH,18.54462385
KTKV,KRRL,30.90849378,KRHI,31.91274661
KY51,KLSE,43.2673534,KCMY,44.41875813
KVOK,K82C,14.50350539,KCMY,38.84626406
KRYV,KUNU,28.62287581,KUES,41.9740048
KUES,KMWC,18.18248471,K57C,29.26877792
KPCZ,KCLI,38.68868815,KY50,39.5900405
KAUW,KCWA,16.82485494,KRRL,31.07082472
KY50,KPCZ,39.5900405,KISW,55.4188131
KETB,KMWC,35.48728515,KUES,43.30076365
KISW,KSTE,31.98604074,KMFI,41.44740368
KABR,KBTN,66.6480806,K3FU,71.44047165
KEFC,KSPF,28.91665834,K49B,52.1929516
K6V5,KLEM,52.58068137,KHEI,57.09993727
KBTN,KGWR,45.52541958,K2D5,47.53748184
KBKX,KMDS,38.62236949,KPQN,54.56311865
K9V9,K1D3,56.53769485,KICR,59.22067095
K8D7,KATY,43.84788098,K1D7,46.83732394
KCUT,KHSR,44.62848697,KRAP,56.78569708
K6E5,K8D7,52.9551579,KHON,53.24850187
K84D,KD07,60.72533699,KMBG,90.87933937
KRCA,KRAP,11.7042966,K49B,37.24124374
KD07,K84D,60.72533699,K6V5,64.04534347
K3FU,KMKA,57.69914231,K0D8,65.99884935
K0D8,K98D,33.86944582,K3FU,65.99884935
K9D1,KICR,40.14694175,K1D3,50.62635918
KHSR,KCUT,44.62848697,KCDR,63.61451753
KHON,K4X4,43.3613408,K6E5,53.24850187
KLEM,KHEI,43.83361617,K6V5,52.58068137
KMDS,KBKX,38.62236949,KFSD,55.2933199
K9V6,KGRN,54.87361654,KIEN,66.72139292
K1D1,KVVV,13.88226637,KDXX,40.82350437
KMKA,K3FU,57.69914231,KHON,59.96449633
KMHE,K8V3,44.32242104,K4X4,50.67204418
KMBG,K0D8,71.71989058,K7L2,75.75854715
K98D,K0D8,33.86944582,KPIR,38.28959891
K8V3,KAGZ,43.9019522,KMHE,44.32242104
KPHP,K6V4,52.73325021,K9V6,98.61310649
KPIR,K98D,38.28959891,K0D8,72.14259004
KIEN,KGRN,36.44501538,KCDR,51.80116103
K1D3,K9D1,50.62635918,K9V9,56.53769485
KRAP,KRCA,11.7042966,K49B,48.57354346
KFSD,KY14,15.27735378,KLYV,42.48760387
K8D3,KETH,37.19731083,K1D7,58.28315215
KSPF,KEFC,28.91665834,K49B,33.11899461
K49B,KSPF,33.11899461,KRCA,37.24124374
KY14,KFSD,15.27735378,KLYV,50.68718164
KVMR,KYKN,40.48614034,KLCG,58.32726676
KAGZ,K8V3,43.9019522,K1D3,57.40970641
K6V4,KPHP,52.73325021,KRAP,64.3271
KATY,K8D7,43.84788098,K1D7,50.66132617
K1D7,K8D7,46.83732394,KATY,50.66132617
K4X4,KHON,43.3613408,KMHE,50.67204418
KICR,K9D1,40.14694175,K9V9,59.22067095
KYKN,KVMR,40.48614034,K8V3,69.99586954
KVJI,K0A9,37.28719006,KTRI,40.87748264
KBCB,KPSK,25.22627657,KROA,40.44705907
KBKT,KW81,17.22926533,KW31,23.84658739
KVBW,KSHD,12.73271282,K8W2,38.91099421
K0V4,KLYH,26.23927101,KW78,50.28294754
KCHO,KGVE,25.03442055,KOMH,37.58752914
KCXE,KW63,22.0313816,KW78,32.06735307
KCPK,KNFE,16.81212752,KPVG,17.10940111
KW63,KCXE,22.0313816,KHNZ,26.18792798
KW81,KBKT,17.22926533,KW31,25.72850538
KCJR,KHWY,14.49856981,KOMH,35.08113007
KDAN,KTDF,44.90783316,KW78,46.13986068
KPSK,KBCB,25.22627657,KHLX,43.24228065
KEMV,KLVL,29.35709507,KRZZ,34.14653804
KFVX,KW81,35.8843433,KW31,49.53300592
KNFE,KCPK,16.81212752,KNTU,16.96192563
KDAA,KDCA,19.66447431,KW32,21.84525388
KFKN,KSFQ,26.97561679,KAKQ,33.29211503
KEZF,KRMN,14.61044387,KNYG,28.97536515
KFRR,KOKV,26.83909603,KLUA,35.17313412
KFAF,KPHF,10.26643866,KJGG,15.2026311
KGVE,KOMH,15.14448319,KLKU,23.23890098
KHLX,KMWK,41.76240319,KPSK,43.24228065
KHSP,KLWB,50.69173858,KROA,70.70347534
K0VG,KI35,26.03353095,K1A6,46.61638148
KW31,KBKT,23.84658739,KW81,25.72850538
KLFI,KPHF,12.95164632,KNGU,17.34961457
KLVL,KAVC,25.01980303,KEMV,29.35709507
KJYO,KIAD,17.25014189,KGAI,35.23365457
KLKU,KGVE,23.23890098,KOMH,27.2112042
KLUA,K8W2,18.03772293,KFRR,35.17313412
KLYH,K0V4,26.23927101,KFVX,67.50327146
KHEF,KHWY,22.64921007,KIAD,25.33892754
KMKJ,KJFZ,44.03178931,KBLF,46.32750924
KMTV,KSIF,26.19906818,KMWK,51.41124022
KMFV,KTGI,28.73831666,KWAL,41.64361278
K8W2,KLUA,18.03772293,KVBW,38.91099421
KPHF,KFAF,10.26643866,KLFI,12.95164632
KPVG,KCPK,17.10940111,KSFQ,17.44756356
KORF,KNGU,9.17610541,KNTU,17.03344914
KNGU,KORF,9.17610541,KLFI,17.34961457
KAKQ,KFKN,33.29211503,KJGG,37.73330921
KNTU,KNFE,16.96192563,KORF,17.03344914
KOMH,KGVE,15.14448319,KLKU,27.2112042
KPTB,KFCI,24.8122608,KRIC,39.40199802
KNYG,KRMN,17.42940234,KDAA,26.06111017
KW96,KRIC,17.13229279,KFYJ,31.88621834
KJFZ,KMKJ,44.03178931,KVJI,46.8034713
KFCI,KRIC,21.18573843,KPTB,24.8122608
KOFP,KRIC,24.89507085,KFCI,34.52507946
KRIC,KW96,17.13229279,KFCI,21.18573843
KROA,KBCB,40.44705907,KPSK,65.67061007
KW75,KFYJ,29.44144007,KTGI,46.61885426
KW78,KW63,28.65103084,KCXE,32.06735307
KAVC,KLVL,25.01980303,KW31,32.3885
KRMN,KEZF,14.61044387,KNYG,17.42940234
KSHD,KVBW,12.73271282,KCHO,41.17827592
KSFQ,KPVG,17.44756356,KCPK,25.14757562
KTGI,KMFV,28.73831666,KW75,46.61885426
KXSA,KFYJ,39.3133375,KW96,44.55581385
KWAL,KMFV,41.64361278,KSBY,44.67648969
KHWY,KCJR,14.49856981,KHEF,22.64921007
KIAD,KJYO,17.25014189,KHEF,25.33892754
KFYJ,KW75,29.44144007,KJGG,31.64937415
KJGG,KFAF,15.2026311,KPHF,23.08640225
KOKV,KFRR,26.83909603,KMRB,31.85596208
KLNP,KVJI,55.40438557,KTRI,58.00321263
K3U3,K38S,27.29217691,KBTM,36.13569859
KBHK,K97M,56.46379869,KBPP,66.3266471
K6S0,KLVM,38.13598259,KBZN,90.92376113
KBIL,K6S8,20.52675805,KRPX,74.2109171
KBZN,KLVM,55.39764785,KEKS,68.22734699
K8S0,KCTB,54.34198939,KGPI,90.14390628
KBTM,K3U3,36.13569859,K7S1,49.24935706
KS71,KHVR,37.99461454,KM75,101.3229437
KCII,KGTF,71.03665372,KGFA,81.79945025
K4U6,KGDV,64.90431982,KOLF,75.1633029
KM46,K1S3,46.96162505,KMLS,90.05484639
KS85,KSDY,54.77894974,KISN,63.98817113
KCTB,K8S0,54.34198939,KCII,88.10107962
K38S,K3U3,27.29217691,KBTM,52.45464058
KDLN,K7S1,36.70179489,KEKS,70.77384004
K97M,KBHK,56.46379869,KBPP,92.25661516
KEKS,K7S1,58.59576581,KBZN,68.22734699
K88M,KS59,82.53712888,K65S,93.35897259
K1S3,KM46,46.96162505,KMLS,59.26941795
K79S,KGFA,55.98693265,KGTF,68.26251651
KGGW,KOLF,78.2568163,KM75,97.99111478
KGDV,K4U6,64.90431982,K20U,66.88067862
KGTF,KGFA,14.05322928,K79S,68.26251651
K6S5,KMSO,73.96987241,K3U3,97.39775638
KHVR,KS71,37.99461454,K79S,101.0884769
KHLN,K38S,64.6757292,KBTM,82.56119142
KJDN,KGGW,101.457779,K4U6,105.2200038
KGPI,K7S0,83.45388017,K8S0,90.14390628
K6S8,KBIL,20.52675805,KRPX,87.49513941
KLWT,KRPX,95.11202981,K79S,124.7278409
KS59,K65S,77.02427402,KSZT,79.17969043
KLVM,K6S0,38.13598259,KBZN,55.39764785
KGFA,KGTF,14.05322928,K79S,55.98693265
KM75,KGGW,97.99111478,KS71,101.3229437
KMLS,K1S3,59.26941795,KM46,90.05484639
KMSO,K7S0,72.38048518,K6S5,73.96987241
KS34,K7S0,60.91890593,KMSO,86.94778508
KPWD,K9S2,66.31448739,KS85,70.86537459
K7S0,KS34,60.91890593,KMSO,72.38048518
KRPX,KBIL,74.2109171,K6S8,87.49513941
K9S2,KPWD,66.31448739,KOLF,79.93585738
KSDY,KS85,54.77894974,KISN,66.53798325
K7S1,KDLN,36.70179489,KBTM,49.24935706
KWYS,KEKS,77.15297836,KDIJ,105.2023892
K7S6,KHLN,82.60830735,KBZN,82.88311008
KOLF,K4U6,75.1633029,KGGW,78.2568163
KVER,KCOU,42.55960425,KMHL,47.90012545
KH21,KAIZ,18.38727511,KLBO,36.37933525
KEZZ,KGPH,44.02526508,KSTJ,54.36541821
KCGI,KCIR,35.8985764,KSIK,36.30291678
KGLY,KRAW,29.56319412,KSZL,43.21115526
KCOU,KJEF,25.82461644,KVER,42.55960425
KFAM,KK02,51.18107698,KPYN,74.87400659
KTBN,KLBO,46.20186216,KAIZ,53.28092936
KGVW,KOJC,15.38566359,KLXT,20.76769871
KHAE,KUIN,32.2659989,KPPQ,57.72421093
KLRY,KGVW,32.08847447,KLXT,38.85689793
KJEF,KCOU,25.82461644,KVER,60.3896401
KJLN,KPTS,38.98505812,KEOS,39.08176933
KAIZ,KH21,18.38727511,KLBO,50.59469893
KMKC,KMCI,22.02114152,KLXT,26.3840964
KMCI,KFLV,18.97572601,KMKC,22.02114152
KTKX,KBYH,30.25508661,KHKA,36.7399403
KIRK,KMBY,70.65856871,KTVK,72.24564531
KLBO,KH21,36.37933525,KTBN,46.20186216
KLXT,KGVW,20.76769871,KMKC,26.3840964
KMAW,KPOF,35.37490941,KTKX,41.85397949
KMHL,KDMO,43.2509552,KVER,47.90012545
KEVU,KICL,42.12957299,KSDA,61.19301228
KMYJ,KCOU,51.25677816,KMBY,62.60415152
KMBY,KVER,61.59486177,KMYJ,62.60415152
KHFJ,KEOS,35.34001193,KJLN,51.02154433
KGPH,KMKC,33.71454288,KMCI,34.99692085
KEOS,KHFJ,35.34001193,KGMJ,38.35136
KNVD,KFSK,41.23222573,KPTS,58.41206818
KK02,KSAR,34.28840468,KFAM,51.18107698
KPYN,KPOF,52.22777374,KFAM,74.87400659
KPOF,KMAW,35.37490941,K4M9,50.21516113
KDMO,KSZL,32.37333799,KRAW,42.71137569
KSIK,KCIR,35.53868367,KCGI,36.30291678
KSGF,KHFJ,67.01938068,KLBO,78.91738133
KSET,KSTL,20.78649862,KALN,33.51318531
KSTJ,KFLV,44.88018762,KEZZ,54.36541821
KSTL,KSET,20.78649862,KSUS,26.29615343
KSUS,KSTL,26.29615343,KSET,35.43348357
KUUV,KVIH,54.19829523,KSUS,65.2812862
KVIH,KTBN,53.85268789,KUUV,54.19829523
KRCM,KSZL,22.90939708,KGLY,48.6536788
KRAW,KGLY,29.56319412,KDMO,42.71137569
KUNO,KBPK,76.00750774,KFLP,89.64744325
KSZL,KRCM,22.90939708,KDMO,32.37333799
KM40,KCBM,25.91347933,KGTR,48.01166479
KHSA,KMJD,23.07562523,KASD,35.22768982
K01M,KTUP,57.81729027,KCRX,59.73781728
KBIX,KGPT,13.97652558,KPQL,38.33389878
K1R7,KMCB,47.88385498,K0R0,66.18682038
KCKM,KUTA,45.03284214,KPMU,57.34310617
KRNV,KIDL,31.484642,KGLH,37.43645942
K0R0,KPIB,48.95864144,KHBG,53.33724889
KCBM,KGTR,25.49607666,KM40,25.91347933
KCRX,KSNH,45.29505601,KM08,52.07721089
KGTR,KSTF,23.94130675,KCBM,25.49607666
KGLH,KIDL,28.44538646,KRNV,37.43645942
KGWO,K5A6,33.12715869,KGNF,46.01369159
KGNF,K5A6,41.31627905,KGWO,46.01369159
KGPT,KBIX,13.97652558,KHSA,37.14146416
KHBG,KPIB,23.87625322,KLUL,45.98511458
KIDL,KGLH,28.44538646,KRNV,31.484642
KHKS,KJAN,13.98925233,KMBO,16.10310345
KJAN,KHKS,13.98925233,KMBO,14.40607548
KLUL,KPIB,27.68006742,KHBG,45.98511458
KMBO,KJAN,14.40607548,KHKS,16.10310345
KMCB,K1R7,47.88385498,K0R0,64.03402756
KMEI,KNMM,30.57846518,KNJW,52.08959965
KNMM,KMEI,30.57846518,KNJW,37.47741975
KNJW,KNMM,37.47741975,KMEI,52.08959965
KHEZ,K0R4,20.6325001,KVKS,77.78575575
KOLV,KMEM,18.68049618,KM01,34.64028644
KUOX,KPMU,32.73647902,KGNF,65.90845961
KPMU,KUOX,32.73647902,KUTA,54.56311186
KPGL,KPQL,10.06221533,KBIX,41.30352543
KPQL,KPGL,10.06221533,KMOB,37.37305934
KMJD,KASD,22.69824272,KHSA,23.07562523
KPIB,KHBG,23.87625322,KLUL,27.68006742
KJVW,KHKS,18.67572107,KJAN,32.0538798
KSTF,KGTR,23.94130675,KCBM,44.23218412
KUTA,KCKM,45.03284214,KAWM,51.52179901
KTUP,KM40,50.88579277,K01M,57.81729027
KVKS,KTVR,15.59022035,KJVW,48.58111082
K5A6,KGWO,33.12715869,KGNF,41.31627905
K20U,KGDV,66.88067862,KBHK,67.61871072
KBIS,KY19,11.28239918,K7L2,72.60170808
KBPP,KBWW,10.08476579,KHEI,62.52281157
KBWW,KBPP,10.08476579,KHEI,52.46573653
K9D7,KDVL,47.32811517,K06D,53.10312305
K46D,KJMS,68.10461429,K5H4,69.66291554
K2C8,K96D,26.39554586,KGAF,46.31785361
KS32,KJMS,69.83848397,K46D,78.67408259
KD50,KD60,67.6165181,KISN,87.24031849
KDVL,K9D7,47.32811517,K46D,75.92342398
KDIK,KD57,71.71663149,KBWW,79.96881953
KFAR,KJKJ,14.6827558,KDTL,71.49459429
KD57,KHZE,57.10696531,KDIK,71.71663149
KGAF,K2C8,46.31785361,KRDR,49.37715032
KRDR,KGFK,16.81395523,KGAF,49.37715032
KGFK,KRDR,16.81395523,KCKN,43.03718172
KGWR,K2D5,33.99402734,KBTN,45.52541958
K5H4,KRUG,66.9798372,K46D,69.66291554
KHZE,KD57,57.10696531,KY19,77.95165523
KHEI,KLEM,43.83361617,KBWW,52.46573653
KJMS,K46D,68.10461429,KS32,69.83848397
KD55,K96D,41.51388064,K2C8,55.90748765
K7L2,KBIS,72.60170808,KMBG,75.75854715
KY19,KBIS,11.28239918,KD57,73.70995159
KMIB,KMOT,18.30068617,K08D,78.47659694
KMOT,KMIB,18.30068617,K08D,83.44921691
K2D5,KGWR,33.99402734,KBTN,47.53748184
K06D,K9D7,53.10312305,KRUG,62.39726837
KRUG,K9D7,58.98864472,K06D,62.39726837
K08D,KD60,37.42896304,KMIB,78.47659694
KD60,K08D,37.42896304,KISN,59.48652422
KBWP,KFFM,34.93504338,KETH,51.78560405
K96D,K2C8,26.39554586,KD55,41.51388064
KS25,KISN,51.3802916,KD60,70.1972438
KISN,KS25,51.3802916,KD60,59.48652422
KANW,KVTN,54.91287708,KTIF,83.3854348
KBVN,KOFK,58.8099001,KOLU,67.02000219
KAIA,KBFF,68.44773018,KCDR,90.43049891
KAUH,KGRI,27.69267725,KJYR,31.25190454
KBIE,KMYZ,50.69373154,KLNK,61.1255592
K42V,KSYF,39.25484538,KADT,49.39804781
KBTA,KOMA,22.33475691,KMLE,24.69667844
KBBW,KODX,61.09467937,KLXN,72.66318611
KCDR,KIEN,51.80116103,KHSR,63.61451753
KOLU,KOFK,60.25818382,KJYR,65.62461405
KFNB,KAFK,63.13724889,KEVU,65.04373415
KFET,KAHQ,23.91368545,KBTA,34.07126526
KGRN,KIEN,36.44501538,K9V6,54.87361654
KGRI,KAUH,27.69267725,KHSI,41.48783025
KHSI,KGRI,41.48783025,KAUH,48.61608532
KHJH,KCNK,67.27051378,KBIE,72.62790225
KHDE,KEAR,41.34563955,KLXN,52.95422238
KIML,K42V,50.57355369,KHEQ,55.50011228
KEAR,KHDE,41.34563955,KHSI,50.66659388
KIBM,K82V,38.11355986,KSNY,58.74314628
KLXN,KHDE,52.95422238,KEAR,65.28491784
KLNK,KAHQ,45.55657643,KBIE,61.1255592
KMCK,KOIN,41.65404722,KADT,55.91351493
KAFK,KPMV,38.42541127,KSDA,41.37283231
KOFK,KLCG,47.04648859,KBVN,58.8099001
KLBF,KLXN,84.77105601,KOGA,90.96924647
KOFF,KPMV,18.69760867,KMLE,18.80434073
KOGA,KIML,68.99983631,KHEQ,74.37587506
KOMA,KCBF,12.18097469,KOFF,20.61733614
KMLE,KOFF,18.80434073,KOMA,21.77039377
KONL,KAGZ,73.32946825,KODX,96.53646
KODX,KBBW,61.09467937,KBVN,75.36416495
KPMV,KOFF,18.69760867,KMLE,31.80813658
KBFF,KTOR,50.6874479,KAIA,68.44773018
KSNY,KIBM,58.74314628,KSTK,59.09313664
KTQE,KBTA,38.77739815,KFET,45.07925337
KTIF,KANW,83.3854348,KLBF,93.45012845
KVTN,KANW,54.91287708,KICR,82.38113498
KAHQ,KFET,23.91368545,KMLE,40.62849139
KLCG,KOFK,47.04648859,KSUX,52.21537497
KJYR,KAUH,31.25190454,KGRI,58.22824437
KBML,KHIE,37.27123917,KCWN,61.98006146
KCON,KMHT,30.51748784,KLCI,41.69033149
KAFN,KEEN,24.1703832,KFIT,34.3042867
KEEN,KAFN,24.1703832,KORE,36.53424143
KLCI,KCON,41.69033149,KDAW,50.92146574
KLEB,KVSF,35.80954371,KRUT,53.08974434
KMHT,KASH,17.97529173,KCON,30.51748784
KASH,KMHT,17.97529173,KFIT,32.23567833
KPSM,KDAW,24.48617367,KSFM,36.35812325
KDAW,KSFM,21.66500223,KPSM,24.48617367
KHIE,KBML,37.27123917,KCDA,43.74437183
K12N,K1N7,22.17596041,KFWN,23.38254464
KACY,KN81,28.00271308,KOBI,32.44852741
KBLM,KN12,14.08891862,K3N6,24.64533652
K1N7,K12N,22.17596041,KMPO,36.91496903
KCDW,KMMU,14.04168504,KTEB,18.76029513
K17N,KN81,23.93333609,KPHL,25.66115873
KN81,K17N,23.93333609,KACY,28.00271308
KNEL,KMJX,12.85781765,KN12,15.4043616
KN12,KBLM,14.08891862,KNEL,15.4043616
KLDJ,KEWR,10.52268739,KMMU,24.81156629
KN14,KVAY,3.411252695,KWRI,20.47521166
K47N,KSMQ,12.82211669,K39N,14.83255895
KMIV,KOBI,29.03238549,K17N,37.70064498
KMMU,KCDW,14.04168504,KEWR,23.90529756
KVAY,KN14,3.411252695,KPNE,20.88305383
KEWR,KLDJ,10.52268739,KTEB,19.74000861
K3N6,KBLM,24.64533652,KN87,25.18720692
KN40,KSMQ,26.87192205,KDYL,28.6499842
K39N,K47N,14.83255895,KTTN,18.90108837
KN87,KTTN,19.27690039,K39N,21.16552987
KSMQ,K47N,12.82211669,K39N,25.23698259
KFWN,K12N,23.38254464,K4N1,24.47545099
KTEB,KLGA,17.79238884,KCDW,18.76029513
KMJX,KNEL,12.85781765,KN12,18.31336031
KTTN,K39N,18.90108837,KN87,19.27690039
K4N1,KFWN,24.47545099,KCDW,28.66128247
KWWD,KOBI,25.39300745,KMIV,42.37609034
KOBI,KWWD,25.39300745,KMIV,29.03238549
KWRI,KNEL,20.39451821,KN14,20.47521166
KALM,KHMN,10.92713447,KSRR,81.23683273
KABQ,KAEG,20.55929877,KE80,48.48474967
KAXX,KSKX,34.40726113,KRTN,78.82103746
KATS,KROW,50.28141403,KCNM,60.39983267
KE80,KABQ,48.48474967,KAEG,55.71122401
KCVS,KCVN,22.78422286,KTCC,92.58340965
KCNM,KATS,60.39983267,KHOB,105.5193608
KCAO,KDHT,72.87581835,KDUX,122.5327905
KCVN,KCVS,22.78422286,KHRX,84.0258124
KDMN,KSVC,57.84010842,KLRU,75.17765757
KAEG,KABQ,20.55929877,KE80,55.71122401
KFMN,KDRO,62.21621643,KCEZ,71.76954517
KGUP,KRQE,29.62859959,KGNT,89.07648049
KGNT,KGUP,89.07648049,KAEG,100.66848
KHOB,KGNC,53.08613479,KE11,75.63441926
KHMN,KALM,10.92713447,KSRR,86.25776329
KLRU,K5T6,49.80107293,KBIF,70.71661316
KLVS,KSAF,85.68159564,KAXX,86.40623076
KLSB,KSVC,60.39819448,KDMN,91.60777072
KLAM,KSAF,33.42364302,KSKX,83.71525764
K0E0,KABQ,55.68340618,KSAF,71.81444565
KRTN,KTAD,59.3358315,KAXX,78.82103746
KROW,KATS,50.28141403,KSRR,94.92894631
KSAF,KLAM,33.42364302,K0E0,71.81444565
K5T6,KBIF,30.89166438,KELP,31.95983454
KSRR,KALM,81.23683273,KHMN,86.25776329
KSVC,KDMN,57.84010842,KLSB,60.39819448
KONM,KE80,69.53020817,KTCS,93.79749506
KSKX,KAXX,34.40726113,KLAM,83.71525764
KTCS,KONM,93.79749506,KSVC,106.2965321
KTCC,KCVS,92.58340965,KCVN,96.88812797
KCXP,KMEV,21.38848486,KRNO,34.2507132
KDRA,KINS,32.3344183,KVGT,87.7584468
KEKO,K05U,136.9354812,KENV,148.7604191
KELY,K05U,105.4379156,KENV,172.2394783
K05U,KELY,105.4379156,KEKO,136.9354812
KNFL,KLOL,73.18399286,KRNO,92.06263515
KINS,KDRA,32.3344183,KVGT,59.92117452
KLAS,KHND,12.04047088,KVGT,15.00374628
KLSV,KVGT,14.63013095,KLAS,20.33492436
KLOL,KNFL,73.18399286,KWMC,112.4387888
KMEV,KCXP,21.38848486,KTVL,24.19164078
KVGT,KLSV,14.63013095,KLAS,15.00374628
KRNO,KCXP,34.2507132,KTRK,37.65653114
KTPH,KBIH,135.8440997,KMMH,161.2194958
KHND,KLAS,12.04047088,KVGT,26.99698246
KWMC,KLOL,112.4387888,KEKO,169.5549648
KALB,KSCH,15.55506607,K5B2,34.03903903
KGVQ,KROC,41.37394265,KBUF,47.03135403
KBGM,KCZG,17.37393369,KN03,46.85009807
KHWV,KISP,19.65014673,KFOK,20.13649074
KBUF,KIAG,25.42897978,KGVQ,47.03135403
KN03,KITH,22.92596538,K6B9,40.21710684
KDSV,K4G6,21.14254474,KPEO,54.53257616
KDKK,KJHW,37.8127844,KBUF,66.46387101
KHTO,KMTP,30.66187403,KFOK,34.43896561
KELM,KITH,51.22296823,KPEO,54.69024861
KCZG,KBGM,17.37393369,KN27,47.53321808
KFRG,KISP,27.39230206,KJFK,32.36919348
KGTB,KART,25.17911367,KOGS,72.50894225
KFZY,KSYR,35.08620389,K6B9,48.75771481
KGFL,K5B2,38.11548563,KRUT,57.30505238
KVGC,KOIC,30.97342175,KUCA,36.48080727
K4G6,KDSV,21.14254474,KELZ,39.51385512
K1B1,KPSF,37.45939162,KALB,51.36486692
KISP,KHWV,19.65014673,KFRG,27.39230206
KITH,KN03,22.92596538,K6B9,47.05740408
KJHW,KDKK,37.8127844,KBFD,64.23456998
KNY0,KSCH,36.42629504,K5B2,38.53122091
KMSS,KPTD,29.93024801,KOGS,56.46739083
KMTP,KGON,30.05546634,KBID,30.48296947
KMGJ,KSWF,13.32332417,KPOU,34.1993332
KMSV,KMGJ,48.97553875,KFWN,57.56606838
KSWF,KMGJ,13.32332417,KPOU,22.85508345
KIAG,KBUF,25.42897978,KGVQ,63.80188677
KOIC,KN23,30.66669749,KVGC,30.97342175
KJFK,KLGA,17.19854244,KFRG,32.36919348
KLGA,KJFK,17.19854244,KTEB,17.79238884
KOGS,KPTD,40.88862363,KMSS,56.46739083
KOLE,KELZ,34.67382877,KBFD,53.5326365
KPEO,KITH,51.3270826,KDSV,54.53257616
KPBG,KPLB,6.037457378,KBTV,31.90935595
KPLB,KPBG,6.037457378,KBTV,37.93494027
KPTD,KMSS,29.93024801,KOGS,40.88862363
KPOU,KSWF,22.85508345,KMGJ,34.1993332
KROC,KGVQ,41.37394265,KSDC,46.52926889
KRME,KUCA,10.03900511,KVGC,45.14500349
KSLK,KPLB,63.62838818,KPBG,65.55004162
K5B2,KSCH,22.78184665,KALB,34.03903903
KSCH,KALB,15.55506607,K5B2,22.78184665
KN23,KOIC,30.66669749,KBGM,47.5613283
K6B9,KSYR,34.93555435,KN03,40.21710684
KSYR,K6B9,34.93555435,KFZY,35.08620389
KUCA,KRME,10.03900511,KVGC,36.48080727
KART,KGTB,25.17911367,KFZY,77.13801808
KELZ,KOLE,34.67382877,K4G6,39.51385512
KFOK,KHWV,20.13649074,KHTO,34.43896561
KHPN,KLGA,35.07978972,KTEB,38.22723429
KSDC,KROC,46.52926889,KFZY,60.7051447
KAKR,KCAK,13.65727589,KPOV,26.34408215
KCAK,KAKR,13.65727589,KPOV,36.39787181
KHZY,KGKJ,43.32528821,KERI,54.89270065
KUNI,K3I2,34.89531965,KI43,39.31839582
KI69,KLUK,18.19789919,KCVG,39.64490602
KEDJ,KI74,27.22860811,KAOH,41.13819982
KCDI,KZZV,27.01994866,KPHD,56.74804125
KRZT,KCYO,9.113121583,KI23,37.03235967
KLUK,KI69,18.19789919,KCVG,22.34852348
KCYO,KRZT,9.113121583,KLCK,33.43866873
KBKL,KCGF,17.22088672,KCLE,18.19043429
KCLE,KBKL,18.19043429,KLPR,28.35859699
KCGF,KLNN,15.47202031,KBKL,17.22088672
KTZR,KLCK,20.32246681,KOSU,20.59216903
KCMH,KOSU,17.90034859,KLCK,20.70979633
KOSU,KCMH,17.90034859,KTZR,20.59216903
KDAY,KFFO,16.8887681,KSGH,33.08924038
KMGY,KI68,14.28711538,KMWO,15.96848153
KDFI,KUSE,39.37251189,KOWX,50.2481776
KDLZ,KMRT,21.006066,KOSU,22.50990015
KFDY,KOWX,26.39697845,KAOH,45.48302
KHAO,KMWO,21.54076695,KI67,24.64145988
KI67,KHAO,24.64145988,KCVG,25.10191165
KI43,KPMH,28.08499643,KUNI,39.31839582
KLHQ,KLCK,24.01961042,KCMH,33.58521242
KI68,KMGY,14.28711538,KMWO,14.49604176
KAOH,KAXV,33.04089908,KOWX,36.74219074
KUYF,KTZR,27.94580575,KI74,33.31070943
KLPR,KCLE,28.35859699,KBKL,45.48753972
KMFD,KMNN,51.42935362,KBJJ,53.18091574
KMNN,KDLZ,37.66786491,KMRT,49.89885764
KMRT,KDLZ,21.006066,KOSU,28.64039061
KMWO,KI68,14.49604176,KMGY,15.96848153
K4I3,KVTA,34.21135052,KCMH,48.27605718
KVTA,K4I3,34.21135052,KLHQ,34.24890929
KPHD,KCAK,49.54009358,KCDI,56.74804125
KOWX,KFDY,26.39697845,KAOH,36.74219074
KOXD,KI67,27.07882989,KHAO,27.29519899
KPCW,KTDZ,51.3537577,KLPR,60.70803259
KPMH,KI43,28.08499643,KDWU,33.18608029
KPOV,KAKR,26.34408215,KCAK,36.39787181
KLCK,KTZR,20.32246681,KCMH,20.70979633
KSGH,KFFO,17.83924472,KDAY,33.08924038
KTDZ,KDUH,23.84129826,KTOL,27.18518497
KTOL,KDUH,20.86015161,KUSE,26.68500491
KI74,KEDJ,27.22860811,KUYF,33.31070943
KVNW,KAXV,48.88930759,KFWA,50.81114676
KVES,KAXV,37.71692916,KDAY,42.83819149
KAXV,KAOH,33.04089908,KVES,37.71692916
KI23,KILN,35.60403535,KRZT,37.03235967
KUSE,KTOL,26.68500491,KADG,28.76887629
KLNN,KCGF,15.47202031,KBKL,30.63849803
KILN,KI23,35.60403535,KI68,39.65769782
KBJJ,KCAK,37.77594561,KAKR,39.74303425
KFFO,KDAY,16.8887681,KSGH,17.83924472
KYNG,KUCP,34.35368137,K29D,44.64430299
KZZV,KCDI,27.01994866,KVTA,49.35268405
KADH,KPVJ,51.43103514,KSRE,52.20529937
KLTS,KAXS,7.40746507,KHBR,41.06336887
KAXS,KLTS,7.40746507,KHBR,41.84463431
KAVK,K3K8,77.48635866,K8K2,79.02745095
K1F0,KADM,19.76706502,KGLE,55.53292218
KADM,K1F0,19.76706502,KPVJ,49.06176651
KAQR,KDUA,55.54150006,KMLC,63.32591549
KBVO,KIDP,48.63949594,KCFV,53.69844752
KBKN,KPNC,22.30708981,KWLD,54.64539021
KCQB,KCUH,25.57491349,KSNL,42.16924105
KCHK,KRQO,41.87423516,KRCE,45.05599585
KGCM,KH71,15.35192365,KTUL,38.10457628
KCLK,KOJA,23.91521105,KCSM,32.79890008
KCSM,KELK,20.27457949,KCLK,32.79890008
KCUH,KCQB,25.57491349,KSWO,36.63739231
KDUC,KLAW,43.20414702,KFSI,45.1236539
KDUA,KGYI,36.17977078,KF00,41.68939215
KELK,KCSM,20.27457949,KCLK,43.47039203
KRQO,KRCE,17.16419892,KHSD,30.67505221
KEND,KWDG,12.07773574,KBKN,67.83703662
KWDG,KEND,12.07773574,KBKN,56.65843313
KFSI,KLAW,9.223783869,KDUC,45.1236539
KFDR,KF05,30.92439866,KLTS,43.57816284
KGAG,KWWR,27.69843826,KHHF,71.83334541
KGMJ,KMIO,36.14694463,KEOS,38.35136
KGOK,KHSD,38.06030049,KPWA,40.8486134
KGUY,KEHA,48.24231765,KHQG,54.5285814
KHBR,KCSM,41.05422134,KLTS,41.06336887
KHHW,KPRX,45.07036558,K4O4,64.46301744
K4O4,KLBR,39.90783951,KDEQ,45.09097939
KLAW,KFSI,9.223783869,KDUC,43.20414702
KHMY,KOUN,32.74694505,KPVJ,35.06813357
KMLC,KAQR,63.32591549,KGZL,76.52590377
KMIO,KGMJ,36.14694463,KJLN,43.83250818
KMKO,KTQH,44.54950064,KGZL,48.00513835
KOUN,KOKC,20.12813829,KTIK,20.34004605
KRCE,KPWA,16.35746004,KHSD,16.53126524
KHSD,KPWA,9.2235765,KRCE,16.53126524
KPWA,KHSD,9.2235765,KOKC,16.24243907
KOKC,KPWA,16.24243907,KTIK,19.5530021
KOKM,KRVS,41.43561599,KMKO,52.59500366
KPVJ,KHMY,35.06813357,KADM,49.06176651
KPNC,KBKN,22.30708981,KWLD,48.8613023
KRKR,KFSM,41.94464966,KJSV,49.17014911
KH71,KGCM,15.35192365,KTQH,44.08177005
KJSV,KGZL,31.97841356,KFSM,41.05513731
KOWP,KRVS,21.29121129,KTUL,23.80491403
KSRE,KSNL,25.98275035,KCQB,51.63622195
KSNL,KSRE,25.98275035,KTIK,40.72424608
KGZL,KJSV,31.97841356,KMKO,48.00513835
KSWO,KCUH,36.63739231,KGOK,45.60270307
KTQH,KH71,44.08177005,KMKO,44.54950064
KTIK,KOKC,19.5530021,KOUN,20.34004605
KRVS,KTUL,19.67018234,KOWP,21.29121129
KTUL,KRVS,19.67018234,KOWP,23.80491403
KJWG,KOJA,42.01857385,KRQO,57.49249784
KOJA,KCLK,23.91521105,KJWG,42.01857385
KWWR,KGAG,27.69843826,KAVK,84.75542673
KAST,KKLS,75.715567,KTMK,82.41616479
KUAO,KMMV,29.2594522,KHIO,35.51320339
KBKE,KLGD,52.70656325,KGCD,103.2510389
KBDN,KRDM,18.1744192,KS21,31.57214194
KBNO,KGCD,90.3260852,KREO,142.3652627
KCVO,KEUG,41.89356896,KSLE,51.14994603
K77S,KEUG,27.07359938,KCVO,66.89724424
KEUG,K77S,27.07359938,KCVO,41.89356896
K6S2,KOTH,63.83237592,KONP,66.58383876
K4S1,KCEC,72.07909981,K3S8,85.66205969
K3S8,KMFR,44.87996802,KRBG,81.06957676
KHRI,KPDT,35.64653995,KPSC,49.72272081
KHIO,KVUO,24.55311967,KSPB,26.53787622
K4S2,KDLS,28.96493735,KTTD,68.66286603
KGCD,KBNO,90.3260852,KBKE,103.2510389
KLMT,KSIY,73.67756885,KMFR,96.89222917
KLGD,KBKE,52.70656325,KPDT,79.07610124
KLKV,KO59,70.34912075,KAAT,76.68435906
KS33,KRDM,46.2698586,KS39,47.03382791
KMMV,KUAO,29.2594522,KSLE,33.35795963
KMFR,K3S8,44.87996802,KSIY,73.90675373
KONP,KCVO,61.56803347,K6S2,66.58383876
KOTH,K6S2,63.83237592,KRBG,74.66946676
KONO,KEUL,51.88085416,KBOI,81.25919919
KPDT,KHRI,35.64653995,KALW,61.70722317
KPDX,KVUO,5.732346234,KTTD,15.9452192
KS39,KRDM,19.92567197,KBDN,31.89755838
KRDM,KBDN,18.1744192,KS39,19.92567197
KREO,KBNO,142.3652627,KEUL,155.8254347
KRBG,KOTH,74.66946676,K3S8,81.06957676
KSLE,KMMV,33.35795963,KUAO,41.76026444
KSPB,KVUO,23.15245848,KHIO,26.53787622
KS21,KBDN,31.57214194,KRDM,48.48592248
KDLS,K4S2,28.96493735,KTTD,96.06479469
KTMK,KMMV,58.57236896,KHIO,68.71965934
KTTD,KPDX,15.9452192,KVUO,21.36069311
KABE,KXLL,9.810180222,KUKT,24.62551902
KXLL,KABE,9.810180222,KUKT,17.42517266
KAOO,KHMZ,28.59215304,KJST,43.63222163
KAVP,KMPO,36.51613623,KHZL,45.23225194
KBVI,KPJC,19.69089558,KUCP,28.17080062
KHMZ,KAOO,28.59215304,KJST,37.4848505
KBFD,KOYM,44.91218802,KOLE,53.5326365
KBTP,KPJC,17.97457785,KBVI,37.19736227
KFIG,KPSB,32.88837508,KOYM,41.15012174
KMQS,KOQN,24.19403276,KPTW,39.10697246
KDYL,KCKZ,15.56091644,KUKT,24.75078392
KDUJ,KOYM,42.10905751,KFIG,43.16158462
KERI,KGKJ,50.88718968,KHZY,54.89270065
KFKL,K29D,36.39636369,KGKJ,40.43133367
K29D,KUCP,24.57973668,KFKL,36.39636369
KCXY,KMDT,7.928894185,KTHV,33.41951715
KHZL,K22N,27.81230451,KAVP,45.23225194
KIDI,KJST,41.99028603,KLBE,47.02046428
KJST,K2G9,34.41498533,KHMZ,37.4848505
KLNS,KMQS,39.93847739,KRDG,40.04991325
KLBE,K2G9,42.34298614,KAGC,45.39337006
K22N,KHZL,27.81230451,KABE,32.07421365
KLHV,KIPT,43.57107185,KUNV,47.89791621
KGKJ,KFKL,40.43133367,KHZY,43.32528821
KMDT,KCXY,7.928894185,KMUI,31.47173816
KMPO,KAVP,36.51613623,K1N7,36.91496903
KMUI,KMDT,31.47173816,KCXY,34.02788055
KUCP,K29D,24.57973668,KBVI,28.17080062
KCKZ,KUKT,9.276077102,KDYL,15.56091644
KPHL,K17N,25.66115873,KLOM,29.60427936
KPNE,KVAY,20.88305383,KLOM,22.50927801
KPSB,KUNV,20.43988,KFIG,32.88837508
KLOM,KPNE,22.50927801,KDYL,24.88973445
KAGC,KPIT,29.8159701,KAFJ,38.99522432
KPIT,KAGC,29.8159701,KBVI,33.98801036
KPTW,KUKT,26.31654896,KLOM,27.24792871
KUKT,KCKZ,9.276077102,KXLL,17.42517266
KRDG,KPTW,37.92555068,KLNS,40.04991325
KRVL,KUNV,26.73257588,KPSB,45.09077575
KSEG,KIPT,47.08037268,KMUI,49.57839689
K2G9,KJST,34.41498533,KLBE,42.34298614
KUNV,KPSB,20.43988,KRVL,26.73257588
KOYM,KFIG,41.15012174,KDUJ,42.10905751
KN27,KCZG,47.53321808,KELM,59.42463637
KAFJ,KHLG,30.56479422,KAGC,38.99522432
KN38,KELM,63.64908307,KELZ,64.89836522
KOQN,KMQS,24.19403276,KPTW,27.82577244
KIPT,KLHV,43.57107185,KSEG,47.08037268
KTHV,KMDT,32.12948397,KCXY,33.41951715
KPJC,KBTP,17.97457785,KBVI,19.69089558
KBID,KWST,27.62139504,KMTP,30.48296947
KUUU,KOQU,13.03145058,KPVD,24.54416059
KOQU,KUUU,13.03145058,KPVD,14.27070349
KSFZ,KPVD,22.43880151,KOQU,36.58986074
KPVD,KOQU,14.27070349,KSFZ,22.43880151
KWST,KGON,20.29459378,KBID,27.62139504
KAIK,KDNL,38.62685365,KAGS,40.46490269
KAQX,KBNL,31.21275328,KJYL,49.45680835
KAND,KCEU,25.52555206,KLQK,35.0762397
KBNL,KAQX,31.21275328,KXNO,48.26204649
KARW,KNBC,11.04520205,KHXD,21.70813565
KNBC,KARW,11.04520205,KHXD,28.23591694
KMKS,KDYB,26.38936739,KCHS,31.90412206
KCDN,KSSC,35.64387065,KSMS,37.16126093
KJZI,KCHS,22.26245074,KLRO,30.03648499
KCHS,KJZI,22.26245074,KLRO,24.05047342
KCQW,KBBP,22.74384774,KRCZ,26.80264947
KDCM,KUZA,25.4363373,KLKR,32.03335254
KCEU,KLQK,22.74254775,KAND,25.52555206
KCAE,KCUB,11.99412991,KMMT,29.42546813
KCUB,KCAE,11.99412991,KMMT,18.72050724
KHYW,KMYR,24.39498246,KCRE,36.84215832
KUDG,KHVS,21.63483902,KBBP,23.88442693
KFLO,KUDG,33.08676582,KMAO,35.80357769
KGGE,KMYR,54.69018142,KHYW,60.30567188
KGMU,KGYH,10.25055749,KGSP,13.08741329
KGYH,KGMU,10.25055749,KGSP,20.97843367
KGRD,KLUX,34.69530745,KEOE,48.19640821
KGSP,KGMU,13.08741329,KGYH,20.97843367
KHVS,KUDG,21.63483902,KCQW,37.51396207
KHXD,KARW,21.70813565,KNBC,28.23591694
KCKI,KMNI,35.62316534,KFLO,53.48909902
KLKR,KDCM,32.03335254,KUZA,34.77605606
KLUX,KGRD,34.69530745,KEOE,35.77037413
KMNI,KCKI,35.62316534,KMKS,47.43794313
KMAO,KFLO,35.80357769,KHYW,43.83809491
KBBP,KCQW,22.74384774,KUDG,23.88442693
KMMT,KCUB,18.72050724,KCAE,29.42546813
KLRO,KCHS,24.05047342,KJZI,30.03648499
KMYR,KCRE,23.92898615,KHYW,24.39498246
KEOE,KLUX,35.77037413,KGRD,48.19640821
KXNO,KOGB,26.7954078,KCAE,36.78536991
KCRE,KMYR,23.92898615,KHYW,36.84215832
KOGB,KXNO,26.7954078,KMMT,51.87472353
KLQK,KCEU,22.74254775,KGYH,30.36675933
KUZA,KAKH,25.32980765,KDCM,25.4363373
KSSC,KSMS,10.3781705,KMMT,31.04602404
KSPA,KGSP,24.03200323,KGMU,36.67710725
KDYB,KMKS,26.38936739,KCHS,28.84334263
KSMS,KSSC,10.3781705,KCDN,37.16126093
KRBW,KDYB,37.23155202,KNBC,49.92784828
KFDW,KCUB,39.76103212,KCAE,41.89840364
KMMI,KMNV,23.32401743,KRZR,29.83374912
KM08,KFYE,31.90610197,KMKL,44.39199441
KTRI,K0A9,23.92600037,KVJI,40.87748264
KCHA,K9A5,39.35294028,KRZR,41.64218319
KCKV,KHOP,8.913227881,KM91,45.13975887
KRZR,KMMI,29.83374912,K2A0,32.78554125
KMRC,KLUG,34.33590457,K2M2,36.27403442
KM04,KNQA,35.95445663,KFYE,45.28049208
KCSV,KRKW,35.73506613,KSRB,41.74578234
K2A0,KRZR,32.78554125,KMMI,34.81554924
KM01,K2M8,14.12691422,KAWM,17.94689491
KM02,KJWN,49.1337674,KCKV,54.93519155
KDYR,KHKA,38.70905969,KBYH,48.50017408
K0A9,KTRI,23.92600037,KVJI,37.28719006
KFYM,KMDQ,22.05784398,KHUA,43.77519529
KM52,KPVE,16.58944887,KMKL,48.84491214
KM33,KM54,22.1530848,K1M5,24.96770022
KGKT,KDKX,33.25207555,KMOR,38.32299326
KGCY,KTRI,48.14946228,KMOR,50.31629091
KHZD,KPHT,28.6011865,KM52,49.29357369
KJAU,KSCX,40.21438267,KDKX,48.67846697
KMKL,KM08,44.39199441,KM52,48.84491214
KDKX,KTYS,20.15248997,KGKT,33.25207555
KTYS,KDKX,20.15248997,KGKT,42.26707555
K2M2,KGZS,20.3527073,KMRC,36.27403442
KM54,KM33,22.1530848,KMQY,27.27871573
KLUG,KSYI,33.23139044,KMRC,34.33590457
KPVE,KM52,16.58944887,KHZD,53.84972265
K8A3,KSRB,44.21478878,KTZV,46.56094885
KMNV,KMMI,23.32401743,KTYS,45.70633406
KRNC,KSRB,48.71744774,KTHA,50.8132397
KMEM,KOLV,18.68049618,KM01,18.95411051
KNQA,K2M8,10.27063268,KM01,24.06182611
K2M8,KNQA,10.27063268,KM01,14.12691422
KMOR,KGKT,38.32299326,KGCY,50.31629091
KMBT,KMQY,19.4578122,KM54,35.23401526
KBNA,KMQY,19.1539285,KJWN,19.79628115
KJWN,KBNA,19.79628115,KMQY,38.16708726
KSCX,KJAU,40.21438267,KEKQ,50.56824448
KPHT,KHZD,28.6011865,KCEY,36.30531977
K1M5,KM33,24.96770022,KM91,40.12379159
KGZS,K2M2,20.3527073,KLUG,45.49333021
KRKW,KCSV,35.73506613,KMNV,50.36631881
KSNH,KCRX,45.29505601,KPVE,54.07266434
KSYI,KTHA,26.75759494,KLUG,33.23139044
KMQY,KBNA,19.1539285,KMBT,19.4578122
KFYE,KM08,31.90610197,KOLV,43.85185761
KSRB,KCSV,41.74578234,K8A3,44.21478878
KM91,KJWN,39.56868728,K1M5,40.12379159
KTHA,KSYI,26.75759494,KBGF,27.84009341
KUCY,KPHT,54.16895457,KM25,55.99042323
KBGF,KTHA,27.84009341,KFYM,47.13349909
KBDG,KCEZ,81.66437272,KAIB,108.7502033
KBMC,KLGU,31.76961493,KOGD,39.85978308
KBCE,KU55,26.6359712,KCDC,83.93076612
KCDC,KU55,64.17571819,KMLF,81.04184816
KDTA,K41U,76.99320343,KDPG,98.14744525
KDPG,KTVY,67.60028217,KU42,92.57475091
KHVE,KCNY,90.59742066,K41U,128.3852873
K36U,KPVU,38.38392558,KU42,50.05101713
KHIF,KOGD,8.630097069,KSLC,37.61928867
KKNB,KAZC,43.27684039,KBCE,84.50632188
KLGU,KBMC,31.76961493,KMLD,55.63731029
K41U,KDTA,76.99320343,KPUC,80.63996945
KMLF,KCDC,81.04184816,KU55,84.37897523
KCNY,KHVE,90.59742066,KGJT,113.7693633
KOGD,KHIF,8.630097069,KBMC,39.85978308
KU55,KBCE,26.6359712,KCDC,64.17571819
KPUC,K41U,80.63996945,K74V,94.9667834
KPVU,K36U,38.38392558,KU42,50.03658331
K74V,KVEL,49.27567013,KPUC,94.9667834
KSGU,KAZC,44.88821446,KCDC,82.35620725
KSLC,KU42,18.51986872,KTVY,36.76255016
KU42,KSLC,18.51986872,KTVY,30.22845567
KTVY,KU42,30.22845567,KSLC,36.76255016
KVEL,K74V,49.27567013,K4V0,74.19459013
KENV,KDPG,109.0915263,KTVY,142.1893599
KDDH,KAQW,22.59505945,KALB,48.00074097
KBTV,KPBG,31.90935595,KPLB,37.93494027
KFSO,KPBG,43.4816172,KPLB,43.87077522
KCDA,KEFK,39.26993827,KHIE,43.74437183
KMPV,KMVL,37.04530518,KBTV,55.67665467
KMVL,KMPV,37.04530518,KBTV,43.33374369
KEFK,KCDA,39.26993827,KMVL,49.75741818
KRUT,KVSF,40.5606931,KLEB,53.08974434
KVSF,KLEB,35.80954371,KRUT,40.5606931
KAWO,KPAE,29.72990293,KOKH,39.47797011
KBLI,KORS,28.85017755,KBVS,36.81185452
KPWT,KTIW,28.44752755,KSEA,34.58039778
KBVS,KNUW,21.82301447,KOKH,30.73420621
KCLS,KTDO,26.01160853,KOLM,33.07830639
KDEW,KSFF,32.49810994,KGEG,39.37093908
KORS,KFHR,22.33610808,KBLI,28.85017755
KELN,KEAT,47.47800817,KYKM,51.69307322
KEPH,KMWH,18.49834993,KEAT,53.03506304
KPAE,KAWO,29.72990293,KBFI,41.86951378
KSKA,KGEG,9.160008935,KSFF,26.05573964
KGRF,KTCM,10.26945056,KTIW,20.98346429
KFHR,KORS,22.33610808,KNUW,33.09374593
KHQM,KSHN,66.46478215,KOLM,78.45614414
KKLS,KSPB,38.68494109,KTDO,40.56174974
KS52,KOMK,46.5296197,KEAT,114.176635
KMWH,KEPH,18.49834993,KEAT,70.18005855
KOKH,KNUW,11.23207179,K0S9,24.21867326
KOLM,KGRF,27.29100455,KCLS,33.07830639
KOMK,KS52,46.5296197,KEPH,128.6307383
KPSC,KRLD,14.92550746,KHRI,49.72272081
KNOW,KCLM,6.807571509,K0S9,45.83028838
KCLM,KNOW,6.807571509,K0S9,51.7077213
K0S9,KOKH,24.21867326,KNUW,35.07071984
KPUW,KLWS,41.71266288,KGEG,102.5417081
KPLU,KTCM,14.78554561,KGRF,22.42586752
KUIL,KCLM,81.64110796,KNOW,88.41068004
KRNT,KBFI,7.652033153,KSEA,8.538249443
KRLD,KPSC,14.92550746,K1S5,51.20429789
KBFI,KRNT,7.652033153,KSEA,9.021893495
KSEA,KRNT,8.538249443,KBFI,9.021893495
KSHN,KOLM,34.74125388,KPWT,40.57444108
KSFF,KGEG,17.28337786,KSKA,26.05573964
KGEG,KSKA,9.160008935,KSFF,17.28337786
K1S5,KRLD,51.20429789,KYKM,51.50416911
KTIW,KTCM,16.40069676,KGRF,20.98346429
KTCM,KGRF,10.26945056,KPLU,14.78554561
KTDO,KCLS,26.01160853,KKLS,40.56174974
KVUO,KPDX,5.732346234,KTTD,21.36069311
KALW,KPDT,61.70722317,KPSC,66.70724008
KEAT,KELN,47.47800817,KEPH,53.03506304
KNUW,KOKH,11.23207179,KBVS,21.82301447
KYKM,K1S5,51.50416911,KELN,51.69307322
KBKW,KI16,43.56080824,KBLF,55.14606106
KBLF,KI16,45.94087553,KMKJ,46.32750924
KW22,KCKB,33.15879695,KEKN,38.08705356
KCRW,K6L4,64.08553709,K3I2,74.5120982
KCKB,KW22,33.15879695,KMGW,46.89462561
KEKN,KW22,38.08705356,KCKB,55.45517795
KHTS,KDWU,26.10957279,KPMH,58.37460663
KLWB,KHSP,50.69173858,KBKW,64.14099766
K6L4,KI16,42.30181147,KCRW,64.08553709
KMRB,KOKV,31.85596208,KHGR,40.44802928
KMGW,KCKB,46.89462561,K2G4,49.90630754
KPKB,KUNI,69.79886649,KCDI,71.03632267
KW99,K8W2,53.48744897,KEKN,62.61723551
KI16,K6L4,42.30181147,KBKW,43.56080824
K3I2,KUNI,34.89531965,KI43,42.1093246
K48I,KW22,47.82751274,KEKN,72.46222543
KHLG,KAFJ,30.56479422,KPIT,49.66316715
KDCA,KW32,14.6919337,KADW,15.48283806
